column,source,base_series,transformation,breadth_universe,n_obs,first,last,monthly_aggregation,fred_retrieved_at_utc,availability
fsbi_sales_sa,Data_Nominal.csv,fsbi_sales_sa,level,,92,2019-01-01,2026-08-01,reported monthly observation,,reference month; historical availability not reconstructed
fsbi_txn_sa,Data_Nominal.csv,fsbi_txn_sa,level,,92,2019-01-01,2026-08-01,reported monthly observation,,reference month; historical availability not reconstructed
fsbi_sales_nsa,Data_Nominal.csv,fsbi_sales_nsa,level,,92,2019-01-01,2026-08-01,reported monthly observation,,reference month; historical availability not reconstructed
fsbi_txn_nsa,Data_Nominal.csv,fsbi_txn_nsa,level,,92,2019-01-01,2026-08-01,reported monthly observation,,reference month; historical availability not reconstructed
fsbi_ticket_index_sa,Data_Nominal.csv,fsbi_ticket_index_sa,sales index / transaction index * 100; level,,92,2019-01-01,2026-08-01,reported monthly observation,,reference month; historical availability not reconstructed
fsbi_ticket_index_nsa,Data_Nominal.csv,fsbi_ticket_index_nsa,sales index / transaction index * 100; level,,92,2019-01-01,2026-08-01,reported monthly observation,,reference month; historical availability not reconstructed
fsbi_sector_sales_breadth,Data_Nominal.csv,fsbi_sector_sales_breadth,share with positive monthly SA growth; full fixed-universe coverage required,"Accommodation and Food Services; Administrative and Support and Waste Management and Remediation Services; Arts, Entertainment, and Recreation; Construction; Educational Services; Health Care and Social Assistance; Information; Other Services (except Public Administration); Professional, Scientific, and Technical Services; Real Estate and Rental and Leasing; Retail Trade; Transportation and Warehousing; Wholesale Trade (Motor Vehicle and Motor Vehicle Parts, Metal and Mineral, Household Appliances and Electrical and Electronic Goods, Durable Goods)",84,2019-02-01,2026-08-01,equal-weight category share,,reference month; historical availability not reconstructed
fsbi_sector_ticket_breadth,Data_Nominal.csv,fsbi_sector_ticket_breadth,share with positive monthly SA growth; full fixed-universe coverage required,"Accommodation and Food Services; Administrative and Support and Waste Management and Remediation Services; Arts, Entertainment, and Recreation; Construction; Educational Services; Health Care and Social Assistance; Information; Other Services (except Public Administration); Professional, Scientific, and Technical Services; Real Estate and Rental and Leasing; Retail Trade; Transportation and Warehousing; Wholesale Trade (Motor Vehicle and Motor Vehicle Parts, Metal and Mineral, Household Appliances and Electrical and Electronic Goods, Durable Goods)",84,2019-02-01,2026-08-01,equal-weight category share,,reference month; historical availability not reconstructed
fsbi_state_sales_breadth,Data_Nominal.csv,fsbi_state_sales_breadth,share with positive monthly SA growth; full fixed-universe coverage required,AL; AK; AZ; AR; CA; CO; CT; DE; FL; GA; HI; ID; IL; IN; IA; KS; KY; LA; ME; MD; MA; MI; MN; MS; MO; MT; NE; NV; NH; NJ; NM; NY; NC; ND; OH; OK; OR; PA; RI; SC; SD; TN; TX; UT; VT; VA; WA; WV; WI; WY,91,2019-02-01,2026-08-01,equal-weight category share,,reference month; historical availability not reconstructed
cpi_sa,CPIAUCSL,cpi_sa,level,,91,2019-01-01,2026-08-01,reported monthly observation,2026-10-02T17:57:31.974107+00:00,reference month; historical availability not reconstructed
cpi_nsa,CPIAUCNS,cpi_nsa,level,,91,2019-01-01,2026-08-01,reported monthly observation,2026-10-02T17:57:31.974107+00:00,reference month; historical availability not reconstructed
core_cpi_sa,CPILFESL,core_cpi_sa,level,,91,2019-01-01,2026-08-01,reported monthly observation,2026-10-02T17:57:31.974107+00:00,reference month; historical availability not reconstructed
pce_price,PCEPI,pce_price,level,,92,2019-01-01,2026-08-01,reported monthly observation,2026-10-02T17:57:31.974107+00:00,reference month; historical availability not reconstructed
core_pce_price,PCEPILFE,core_pce_price,level,,92,2019-01-01,2026-08-01,reported monthly observation,2026-10-02T17:57:31.974107+00:00,reference month; historical availability not reconstructed
cpi_food_away,CUSR0000SEFV,cpi_food_away,level,,91,2019-01-01,2026-08-01,reported monthly observation,2026-10-02T17:57:31.974107+00:00,reference month; historical availability not reconstructed
cpi_gasoline,CUSR0000SETB01,cpi_gasoline,level,,92,2019-01-01,2026-08-01,reported monthly observation,2026-10-02T17:57:31.974107+00:00,reference month; historical availability not reconstructed
cpi_food_home,CUSR0000SAF11,cpi_food_home,level,,91,2019-01-01,2026-08-01,reported monthly observation,2026-10-02T17:57:31.974107+00:00,reference month; historical availability not reconstructed
cpi_shelter,CUSR0000SAH1,cpi_shelter,level,,91,2019-01-01,2026-08-01,reported monthly observation,2026-10-02T17:57:31.974107+00:00,reference month; historical availability not reconstructed
cpi_apparel,CPIAPPSL,cpi_apparel,level,,91,2019-01-01,2026-08-01,reported monthly observation,2026-10-02T17:57:31.974107+00:00,reference month; historical availability not reconstructed
cpi_used_cars,CUSR0000SETA02,cpi_used_cars,level,,92,2019-01-01,2026-08-01,reported monthly observation,2026-10-02T17:57:31.974107+00:00,reference month; historical availability not reconstructed
retail_sa,RSAFS,retail_sa,level,,92,2019-01-01,2026-08-01,reported monthly observation,2026-10-02T17:57:31.974107+00:00,reference month; historical availability not reconstructed
retail_nsa,RSAFSNA,retail_nsa,level,,92,2019-01-01,2026-08-01,reported monthly observation,2026-10-02T17:57:31.974107+00:00,reference month; historical availability not reconstructed
retail_ex_auto,RSFSXMV,retail_ex_auto,level,,92,2019-01-01,2026-08-01,reported monthly observation,2026-10-02T17:57:31.974107+00:00,reference month; historical availability not reconstructed
pce,PCE,pce,level,,92,2019-01-01,2026-08-01,reported monthly observation,2026-10-02T17:57:31.974107+00:00,reference month; historical availability not reconstructed
real_pce,PCEC96,real_pce,level,,92,2019-01-01,2026-08-01,reported monthly observation,2026-10-02T17:57:31.974107+00:00,reference month; historical availability not reconstructed
pce_durables,PCEDG,pce_durables,level,,92,2019-01-01,2026-08-01,reported monthly observation,2026-10-02T17:57:31.974107+00:00,reference month; historical availability not reconstructed
pce_nondurables,PCEND,pce_nondurables,level,,92,2019-01-01,2026-08-01,reported monthly observation,2026-10-02T17:57:31.974107+00:00,reference month; historical availability not reconstructed
pce_services,PCES,pce_services,level,,92,2019-01-01,2026-08-01,reported monthly observation,2026-10-02T17:57:31.974107+00:00,reference month; historical availability not reconstructed
real_income,DSPIC96,real_income,level,,92,2019-01-01,2026-08-01,reported monthly observation,2026-10-02T17:57:31.974107+00:00,reference month; historical availability not reconstructed
savings_rate,PSAVERT,savings_rate,level,,92,2019-01-01,2026-08-01,reported monthly observation,2026-10-02T17:57:31.974107+00:00,reference month; historical availability not reconstructed
unemployment,UNRATE,unemployment,level,,91,2019-01-01,2026-08-01,reported monthly observation,2026-10-02T17:57:31.974107+00:00,reference month; historical availability not reconstructed
payrolls,PAYEMS,payrolls,level,,92,2019-01-01,2026-08-01,reported monthly observation,2026-10-02T17:57:31.974107+00:00,reference month; historical availability not reconstructed
fed_funds,FEDFUNDS,fed_funds,level,,92,2019-01-01,2026-08-01,reported monthly observation,2026-10-02T17:57:31.974107+00:00,reference month; historical availability not reconstructed
treasury_2y,DGS2,treasury_2y,level,,92,2019-01-01,2026-08-01,mean of daily observations,2026-10-02T17:57:31.974107+00:00,reference month; historical availability not reconstructed
treasury_10y,DGS10,treasury_10y,level,,92,2019-01-01,2026-08-01,mean of daily observations,2026-10-02T17:57:31.974107+00:00,reference month; historical availability not reconstructed
breakeven_10y,T10YIE,breakeven_10y,level,,92,2019-01-01,2026-08-01,mean of daily observations,2026-10-02T17:57:31.974107+00:00,reference month; historical availability not reconstructed
sentiment,UMCSENT,sentiment,level,,92,2019-01-01,2026-08-01,reported monthly observation,2026-10-02T17:57:31.974107+00:00,reference month; historical availability not reconstructed
inflation_expect,MICH,inflation_expect,level,,92,2019-01-01,2026-08-01,reported monthly observation,2026-10-02T17:57:31.974107+00:00,reference month; historical availability not reconstructed
vix,VIXCLS,vix,level,,92,2019-01-01,2026-08-01,mean of daily observations,2026-10-02T17:57:31.974107+00:00,reference month; historical availability not reconstructed
dollar,DTWEXBGS,dollar,level,,92,2019-01-01,2026-08-01,mean of daily observations,2026-10-02T17:57:31.974107+00:00,reference month; historical availability not reconstructed
oil,WTISPLC,oil,level,,92,2019-01-01,2026-08-01,reported monthly observation,2026-10-02T17:57:31.974107+00:00,reference month; historical availability not reconstructed
dgs5,DGS5,dgs5,level,,92,2019-01-01,2026-08-01,mean of daily observations,2026-10-02T17:57:31.974107+00:00,reference month; historical availability not reconstructed
dgs3mo,DGS3MO,dgs3mo,level,,92,2019-01-01,2026-08-01,mean of daily observations,2026-10-02T17:57:31.974107+00:00,reference month; historical availability not reconstructed
industrial_production,INDPRO,industrial_production,level,,92,2019-01-01,2026-08-01,reported monthly observation,2026-10-02T17:57:31.974107+00:00,reference month; historical availability not reconstructed
housing_starts,HOUST,housing_starts,level,,92,2019-01-01,2026-08-01,reported monthly observation,2026-10-02T17:57:31.974107+00:00,reference month; historical availability not reconstructed
dgs5_minus_dgs3mo,DGS5 - DGS3MO,dgs5_minus_dgs3mo,level,,92,2019-01-01,2026-08-01,difference of monthly mean yields,2026-10-02T17:57:31.974107+00:00,reference month; historical availability not reconstructed
fsbi_sales_sa_log_mom,Data_Nominal.csv,fsbi_sales_sa,log_mom,,91,2019-02-01,2026-08-01,reported monthly observation,,reference month; historical availability not reconstructed
fsbi_txn_sa_log_mom,Data_Nominal.csv,fsbi_txn_sa,log_mom,,91,2019-02-01,2026-08-01,reported monthly observation,,reference month; historical availability not reconstructed
fsbi_ticket_index_sa_log_mom,Data_Nominal.csv,fsbi_ticket_index_sa,sales index / transaction index * 100; log_mom,,91,2019-02-01,2026-08-01,reported monthly observation,,reference month; historical availability not reconstructed
cpi_sa_pct_mom,CPIAUCSL,cpi_sa,pct_mom,,90,2019-01-01,2026-08-01,reported monthly observation,2026-10-02T17:57:31.974107+00:00,reference month; historical availability not reconstructed
core_cpi_sa_pct_mom,CPILFESL,core_cpi_sa,pct_mom,,90,2019-01-01,2026-08-01,reported monthly observation,2026-10-02T17:57:31.974107+00:00,reference month; historical availability not reconstructed
core_pce_price_pct_mom,PCEPILFE,core_pce_price,pct_mom,,92,2019-01-01,2026-08-01,reported monthly observation,2026-10-02T17:57:31.974107+00:00,reference month; historical availability not reconstructed
clev_cpi_nowcast_fsbi,Cleveland Fed nowcast_month.json,clev_cpi_nowcast_fsbi,level,,91,2019-01-01,2026-08-01,first release; nowcasts on the 6th of t+1 and last before release,,reference month; historical availability not reconstructed
clev_core_cpi_nowcast_fsbi,Cleveland Fed nowcast_month.json,clev_core_cpi_nowcast_fsbi,level,,91,2019-01-01,2026-08-01,first release; nowcasts on the 6th of t+1 and last before release,,reference month; historical availability not reconstructed
clev_core_pce_nowcast_fsbi,Cleveland Fed nowcast_month.json,clev_core_pce_nowcast_fsbi,level,,92,2019-01-01,2026-08-01,first release; nowcasts on the 6th of t+1 and last before release,,reference month; historical availability not reconstructed
clev_cpi_nowcast_final,Cleveland Fed nowcast_month.json,clev_cpi_nowcast_final,level,,91,2019-01-01,2026-08-01,first release; nowcasts on the 6th of t+1 and last before release,,reference month; historical availability not reconstructed
clev_core_cpi_nowcast_final,Cleveland Fed nowcast_month.json,clev_core_cpi_nowcast_final,level,,91,2019-01-01,2026-08-01,first release; nowcasts on the 6th of t+1 and last before release,,reference month; historical availability not reconstructed
clev_core_pce_nowcast_final,Cleveland Fed nowcast_month.json,clev_core_pce_nowcast_final,level,,92,2019-01-01,2026-08-01,first release; nowcasts on the 6th of t+1 and last before release,,reference month; historical availability not reconstructed
clev_cpi_first_print,Cleveland Fed nowcast_month.json,clev_cpi_first_print,level,,91,2019-01-01,2026-08-01,first release; nowcasts on the 6th of t+1 and last before release,,reference month; historical availability not reconstructed
clev_core_cpi_first_print,Cleveland Fed nowcast_month.json,clev_core_cpi_first_print,level,,91,2019-01-01,2026-08-01,first release; nowcasts on the 6th of t+1 and last before release,,reference month; historical availability not reconstructed
clev_core_pce_first_print,Cleveland Fed nowcast_month.json,clev_core_pce_first_print,level,,92,2019-01-01,2026-08-01,first release; nowcasts on the 6th of t+1 and last before release,,reference month; historical availability not reconstructed
clev_cpi_release,Cleveland Fed nowcast_month.json,clev_cpi_release,level,,91,2019-01-01,2026-08-01,first release; nowcasts on the 6th of t+1 and last before release,,reference month; historical availability not reconstructed
clev_core_cpi_release,Cleveland Fed nowcast_month.json,clev_core_cpi_release,level,,91,2019-01-01,2026-08-01,first release; nowcasts on the 6th of t+1 and last before release,,reference month; historical availability not reconstructed
clev_core_pce_release,Cleveland Fed nowcast_month.json,clev_core_pce_release,level,,92,2019-01-01,2026-08-01,first release; nowcasts on the 6th of t+1 and last before release,,reference month; historical availability not reconstructed
clev_cpi_surprise,Cleveland Fed nowcast_month.json,clev_cpi_surprise,level,,91,2019-01-01,2026-08-01,first release; nowcasts on the 6th of t+1 and last before release,,reference month; historical availability not reconstructed
clev_core_cpi_surprise,Cleveland Fed nowcast_month.json,clev_core_cpi_surprise,level,,91,2019-01-01,2026-08-01,first release; nowcasts on the 6th of t+1 and last before release,,reference month; historical availability not reconstructed
clev_core_pce_surprise,Cleveland Fed nowcast_month.json,clev_core_pce_surprise,level,,92,2019-01-01,2026-08-01,first release; nowcasts on the 6th of t+1 and last before release,,reference month; historical availability not reconstructed
clev_cpi_surprise_final,Cleveland Fed nowcast_month.json,clev_cpi_surprise_final,level,,91,2019-01-01,2026-08-01,first release; nowcasts on the 6th of t+1 and last before release,,reference month; historical availability not reconstructed
clev_core_cpi_surprise_final,Cleveland Fed nowcast_month.json,clev_core_cpi_surprise_final,level,,91,2019-01-01,2026-08-01,first release; nowcasts on the 6th of t+1 and last before release,,reference month; historical availability not reconstructed
clev_core_pce_surprise_final,Cleveland Fed nowcast_month.json,clev_core_pce_surprise_final,level,,92,2019-01-01,2026-08-01,first release; nowcasts on the 6th of t+1 and last before release,,reference month; historical availability not reconstructed
