date,fsbi_sales_sa,fsbi_txn_sa,fsbi_sales_nsa,fsbi_txn_nsa,fsbi_ticket_index_sa,fsbi_ticket_index_nsa,fsbi_sector_sales_breadth,fsbi_sector_ticket_breadth,fsbi_state_sales_breadth,cpi_sa,cpi_nsa,core_cpi_sa,pce_price,core_pce_price,cpi_food_away,cpi_gasoline,cpi_food_home,cpi_shelter,cpi_apparel,cpi_used_cars,retail_sa,retail_nsa,retail_ex_auto,pce,real_pce,pce_durables,pce_nondurables,pce_services,real_income,savings_rate,unemployment,payrolls,fed_funds,treasury_2y,treasury_10y,breakeven_10y,sentiment,inflation_expect,vix,dollar,oil,dgs5,dgs3mo,industrial_production,housing_starts,dgs5_minus_dgs3mo,fsbi_sales_sa_log_mom,fsbi_txn_sa_log_mom,fsbi_ticket_index_sa_log_mom,cpi_sa_pct_mom,core_cpi_sa_pct_mom,core_pce_price_pct_mom,clev_cpi_nowcast_fsbi,clev_core_cpi_nowcast_fsbi,clev_core_pce_nowcast_fsbi,clev_cpi_nowcast_final,clev_core_cpi_nowcast_final,clev_core_pce_nowcast_final,clev_cpi_first_print,clev_core_cpi_first_print,clev_core_pce_first_print,clev_cpi_release,clev_core_cpi_release,clev_core_pce_release,clev_cpi_surprise,clev_core_cpi_surprise,clev_core_pce_surprise,clev_cpi_surprise_final,clev_core_cpi_surprise_final,clev_core_pce_surprise_final
2019-01-01,97.41,98.22,90.85,90.48,99.17532070861331,100.40893015030944,,,,252.561,251.712,260.766,102.648,102.87,280.38,208.73,241.581,312.998,124.466,142.214,490789.0,447933.0,391321.0,14084.6,13721.7,1469.9,2929.4,9685.3,15536.3,8.4,4.0,150060.0,2.4,2.543333333333333,2.713809523809524,1.793809523809524,91.2,2.7,19.57238095238095,114.44248999999999,51.38,2.536190476190476,2.4238095238095236,103.4021,1226.0,0.11238095238095225,,,,-0.08149798035343991,0.270319114983697,0.13140604467805073,0.099647291820423,0.182568656518306,0.15585629600183,0.0349899290800341,0.182655327415191,0.207993390208619,-0.0197845071481462,0.239543521558927,0.0649046262575226,2019-02-13,2019-02-13,2019-03-29,-0.1194317989685692,0.05697486504062099,-0.09095166974430742,-0.054774436228180304,0.056888194143736,-0.14308876395109643
2019-02-01,96.14,97.01,86.73,88.13,99.10318523863518,98.41143764892773,0.15384615384615385,0.8461538461538461,0.1,253.319,252.776,261.186,102.836,102.963,281.373,217.237,242.111,314.072,124.526,142.272,492328.0,433826.0,391508.0,14117.4,13728.5,1472.8,2936.4,9708.2,15560.4,8.5,3.8,150067.0,2.4,2.504210526315789,2.6763157894736844,1.876842105263158,93.8,2.6,15.234736842105262,114.41300555555556,54.95,2.4878947368421054,2.437894736842105,102.8371,1121.0,0.050000000000000266,-1.3123412317050054,-1.2395794637906299,-0.07276176791428668,0.3001255142321968,0.16106394238510902,0.09040536599591587,0.188269224351583,0.177300748934924,0.158987688362249,0.188269224351583,0.177300748934924,0.10364419805488,0.174138115271516,0.110471382925259,0.0558468,2019-03-12,2019-03-12,2019-04-29,-0.014131109080067011,-0.066829366009665,-0.103140888362249,-0.014131109080067011,-0.066829366009665,-0.047797398054879994
2019-03-01,98.2,98.99,101.54,104.1,99.20193958985757,97.54082612872239,1.0,0.6153846153846154,0.98,254.277,254.202,261.567,103.069,103.058,281.887,230.013,242.482,315.051,123.666,141.218,499614.0,504478.0,396084.0,14248.6,13824.8,1505.1,2976.6,9766.9,15566.5,7.9,3.8,150295.0,2.41,2.4095238095238094,2.570952380952381,1.912857142857143,98.4,2.5,14.485238095238095,114.78351904761905,58.15,2.3728571428571428,2.453809523809524,102.8757,1191.0,-0.08095238095238111,2.1200752894605657,2.0204768958524078,0.09959839360815792,0.37817929172307974,0.1458730559831034,0.09226615386110915,0.331851345618556,0.172009287454744,0.142239973044505,0.331851345618556,0.172009287454744,0.129492992187665,0.408908274170039,0.147515795684905,0.0459128555995614,2019-04-10,2019-04-10,2019-04-29,0.077056928551483,-0.024493491769839004,-0.0963271174449436,0.077056928551483,-0.024493491769839004,-0.08358013658810359
2019-04-01,98.37,98.77,100.6,100.14,99.59501873038373,100.45935690033951,0.7692307692307693,0.7692307692307693,0.58,255.233,255.548,261.997,103.36,103.265,282.798,245.651,241.219,316.172,123.901,139.895,499609.0,497579.0,398213.0,14290.0,13825.9,1496.6,3002.2,9791.2,15534.2,7.6,3.7,150591.0,2.42,2.344761904761905,2.532380952380952,1.9366666666666668,97.2,2.5,12.949047619047619,114.90375454545455,63.86,2.3333333333333335,2.432857142857143,102.274,1272.0,-0.09952380952380935,0.17296641642463584,-0.2224920011680176,0.39545841759265343,0.3759679404743643,0.1643938264383582,0.2008577694113889,0.440045076630718,0.168591423033619,0.128564258195259,0.440045076630718,0.168591423033619,0.130396623020064,0.3187119316304,0.13811626252036,0.246711266781308,2019-05-10,2019-05-10,2019-05-31,-0.121333145000318,-0.030475160513258992,0.11814700858604901,-0.121333145000318,-0.030475160513258992,0.11631464376124401
2019-05-01,99.02,99.13,105.93,104.87,99.88903460102895,101.01077524554209,0.9230769230769231,0.6923076923076923,0.84,255.296,256.092,262.217,103.435,103.371,283.394,242.557,241.642,317.03,123.764,138.573,505356.0,534165.0,401800.0,14353.3,13877.1,1525.5,3011.3,9816.5,15532.4,7.3,3.6,150618.0,2.39,2.2063636363636365,2.395,1.8263636363636364,100.0,2.9,16.721818181818183,115.95738181818182,60.83,2.187727272727273,2.4031818181818183,102.392,1293.0,-0.21545454545454534,0.6585970408610642,0.36382051247700886,0.2947765283840553,0.02468332856644384,0.08397042714227698,0.10264852563792726,0.139699960244168,0.171121787446804,0.129629774088208,0.139699960244168,0.171121787446804,0.112244708501962,0.0772676283937068,0.113473551492915,0.190320582452785,2019-06-12,2019-06-12,2019-06-28,-0.06243233185046121,-0.057648235953889,0.06069080836457699,-0.06243233185046121,-0.057648235953889,0.078075873950823
2019-06-01,99.21,99.53,101.53,102.31,99.67848889781975,99.23761118170266,0.46153846153846156,0.38461538461538464,0.58,255.213,256.143,262.739,103.484,103.56,284.316,231.691,241.214,317.949,124.75,138.241,505681.0,505762.0,402228.0,14408.7,13924.1,1531.5,3016.9,9860.2,15562.1,7.1,3.6,150838.0,2.38,1.814,2.074,1.7,98.2,2.7,15.836000000000002,115.42707,54.66,1.825,2.2195,102.4375,1243.0,-0.3945000000000001,0.1916965728534059,0.4026986213165884,-0.2110020484631825,-0.03251128102280676,0.1990717611749071,0.18283657892446126,0.0400696323937111,0.164783516925073,0.132425884036669,0.0400696323937111,0.164783516925073,0.207123430662002,0.0587877956536254,0.294238871588215,0.247833699995526,2019-07-11,2019-07-11,2019-07-30,0.0187181632599143,0.12945535466314198,0.11540781595885702,0.0187181632599143,0.12945535466314198,0.04071026933352401
2019-07-01,100.27,99.82,105.9,104.13,100.45081146062913,101.69979832901181,1.0,0.6923076923076923,0.94,255.802,256.571,263.28,103.622,103.678,284.891,235.098,240.988,318.777,124.731,138.132,509389.0,519231.0,405481.0,14496.0,13989.9,1538.1,3036.2,9921.7,15581.4,6.8,3.7,150937.0,2.4,1.8350000000000002,2.059090909090909,1.752727272727273,98.4,2.6,13.305909090909092,115.0775909090909,57.35,1.8281818181818181,2.145,101.9408,1240.0,-0.3168181818181819,1.0627731874023105,0.2909457783490943,0.7718274090531274,0.23078761661827762,0.2059077639787077,0.11394360757048805,0.224780562387998,0.175647325589281,0.132761769109531,0.224780562387998,0.175647325589281,0.222774211489164,0.335285247057437,0.291473080596494,0.178302630635785,2019-08-13,2019-08-13,2019-08-30,0.110504684669439,0.11582575500721301,0.045540861526254,0.110504684669439,0.11582575500721301,-0.04447158085337899
2019-08-01,101.44,100.86,107.36,106.67,100.5750545310331,100.64685478578794,0.9230769230769231,0.5384615384615384,0.92,256.036,256.558,263.877,103.67,103.797,285.507,229.734,240.943,319.37,124.532,138.686,513222.0,532426.0,406535.0,14558.2,14043.6,1541.0,3040.4,9976.8,15664.3,6.9,3.6,151169.0,2.13,1.5713636363636363,1.6263636363636365,1.5863636363636362,89.8,2.7,18.97909090909091,117.10038636363637,54.81,1.4868181818181818,1.9904545454545455,102.639,1375.0,-0.5036363636363637,1.1600943153081467,1.0364852607116504,0.12360905459658511,0.09147700174354512,0.2267547857794039,0.11477844865834808,0.0773710674975021,0.182157813998535,0.131047261297451,0.0773710674975021,0.182157813998535,0.194270534403368,0.0542627488181235,0.256479327993797,0.140326415330438,2019-09-12,2019-09-12,2019-09-27,-0.023108318679378598,0.07432151399526202,0.009279154032986986,-0.023108318679378598,0.07432151399526202,-0.05394411907293001
2019-09-01,100.82,100.47,98.0,98.99,100.34836269533194,98.99989897969492,0.5384615384615384,0.46153846153846156,0.12,256.43,256.759,264.388,103.733,103.873,286.246,228.23,241.409,320.436,124.795,138.694,509503.0,483841.0,405345.0,14590.6,14066.2,1553.5,3019.3,10017.8,15697.5,7.0,3.5,151365.0,2.04,1.6480000000000001,1.6995,1.5870000000000002,93.2,2.8,15.559000000000001,117.32392,56.95,1.565,1.9344999999999999,102.2917,1311.0,-0.36949999999999994,-0.613074203443098,-0.3874241174356641,-0.22565008600743397,0.1538846099767177,0.19365082974263093,0.07321984257735448,0.103343393884681,0.196712568733927,0.146675745098292,0.103343393884681,0.196712568733927,0.121205801617345,0.0226297307842405,0.132452837329011,0.0490900490007773,2019-10-10,2019-10-10,2019-10-31,-0.08071366310044051,-0.064259731404916,-0.09758569609751472,-0.08071366310044051,-0.064259731404916,-0.07211575261656769
2019-10-01,101.73,100.96,102.59,102.04,100.76267828843106,100.53900431203448,0.9230769230769231,0.6153846153846154,0.7,257.155,257.346,264.97,103.917,104.028,286.791,232.348,241.999,320.862,123.489,139.701,510902.0,512356.0,406551.0,14617.4,14067.2,1531.8,3034.0,10051.6,15718.1,7.1,3.6,151460.0,1.83,1.5513636363636365,1.7068181818181818,1.560909090909091,95.5,2.5,15.466521739130435,116.74625909090909,53.96,1.525,1.6786363636363637,101.4281,1325.0,-0.1536363636363638,0.8985496151172612,0.4865223318679668,0.41202728324920557,0.2827282299262768,0.2201310195621753,0.1492206829493803,0.321466117851907,0.194544164096387,0.137822805370989,0.321466117851907,0.194544164096387,0.131342948869585,0.356142581858188,0.157221413858921,0.081193454558437,2019-11-13,2019-11-13,2019-11-27,0.034676464006280994,-0.03732275023746601,-0.05662935081255201,0.034676464006280994,-0.03732275023746601,-0.050149494311148
2019-11-01,103.23,102.71,97.0,98.31,100.50627981696039,98.6674804190825,0.9230769230769231,0.23076923076923078,0.92,257.879,257.208,265.548,104.024,104.092,287.255,236.924,242.726,321.611,123.55,139.579,514649.0,522446.0,407551.0,14711.0,14142.8,1557.4,3046.0,10107.6,15766.9,6.9,3.6,151667.0,1.55,1.6126315789473684,1.8121052631578947,1.6405263157894736,96.8,2.5,12.5235,116.55946842105263,57.03,1.6394736842105262,1.572105263157895,101.9372,1353.0,0.0673684210526313,1.463726367184126,1.71850843848107,-0.25478207129685515,0.281542260504386,0.2181379024040364,0.06152189795054497,0.232231202626817,0.191333639432199,0.131908818298619,0.232231202626817,0.191333639432199,0.171591973515367,0.258482300764551,0.229801781812822,0.138092013827018,2019-12-11,2019-12-11,2019-12-20,0.026251098137733964,0.03846814238062299,0.006183195528398994,0.026251098137733964,0.03846814238062299,-0.03349995968834901
2019-12-01,104.16,103.53,101.98,99.84,100.60851926977688,102.14342948717949,0.9230769230769231,0.6923076923076923,0.92,258.63,256.974,266.02,104.307,104.322,288.078,244.197,242.887,322.247,122.859,140.088,516273.0,575668.0,411311.0,14774.8,14165.7,1560.4,3061.4,10153.0,15683.8,6.2,3.6,151794.0,1.55,1.6133333333333335,1.8628571428571428,1.7180952380952381,99.3,2.3,13.756666666666666,115.90961,59.88,1.6823809523809523,1.5652380952380955,101.7003,1548.0,0.11714285714285677,0.8968669982761135,0.7951942600308293,0.1016727382451954,0.29122185210892493,0.17774564297226014,0.22095838296891657,0.246265268809632,0.190921519414169,0.133368745874061,0.246265268809632,0.190921519414169,0.10405871860938,0.219046585199423,0.113319780137022,0.229723352536304,2020-01-14,2020-01-14,2020-01-31,-0.027218683610209016,-0.07760173927714699,0.09635460666224299,-0.027218683610209016,-0.07760173927714699,0.125664633926924
2020-01-01,105.19,105.15,98.26,97.19,100.038040893961,101.10093631032,1.0,0.23076923076923078,0.82,259.127,257.971,266.716,104.49,104.507,289.137,242.397,243.511,323.487,122.477,139.424,515417.0,472427.0,411607.0,14868.3,14230.7,1551.3,3059.1,10257.9,15842.8,6.8,3.6,152031.0,1.55,1.5190476190476192,1.7576190476190479,1.720952380952381,99.8,2.5,13.94095238095238,115.27938571428571,57.52,1.5623809523809524,1.5523809523809524,101.0338,1581.0,0.010000000000000009,0.9840060290922992,1.552647637068727,-0.568641607976339,0.19216641534238743,0.2616344635741674,0.17733555721708427,0.165508029185494,0.185342300624887,0.131063607266372,0.165952033920822,0.18549081549909,0.189161365247634,0.145486062744715,0.242258268380025,0.126203151523785,2020-02-13,2020-02-13,2020-02-28,-0.020021966440779,0.05691596775513802,-0.004860455742587005,-0.02046597117610699,0.056767452880935015,-0.062958213723849
2020-02-01,105.99,105.65,97.64,98.31,100.32181732134404,99.31848235174448,0.7692307692307693,0.6153846153846154,0.82,259.25,258.678,267.37,104.573,104.711,289.781,230.646,244.2,324.483,122.952,140.593,515800.0,470835.0,411341.0,14828.1,14181.4,1551.9,3054.1,10222.2,15900.3,7.5,3.5,152293.0,1.58,1.3310526315789473,1.5042105263157897,1.6157894736842104,101.0,2.4,19.628947368421052,116.71054210526317,50.54,1.3236842105263158,1.5447368421052632,101.3735,1549.0,-0.2210526315789474,0.7576511287981091,0.4743841913357194,0.28326693746238973,0.04746707213065804,0.2452046371421268,0.19520223525695268,0.0576386531396749,0.187088259900919,0.134865212941176,0.0576386531396749,0.187088259900919,0.167110890380228,0.088864848157022,0.222909380206837,0.157886800486073,2020-03-11,2020-03-11,2020-03-27,0.0312261950173471,0.035821120305918,0.023021587544897,0.0312261950173471,0.035821120305918,-0.009224089894154991
2020-03-01,88.22,82.86,91.11,85.77,106.46874245715665,106.22595313046521,,,0.0,258.076,258.115,267.054,104.271,104.632,290.216,204.901,245.017,324.54,121.558,141.667,468632.0,468661.0,391813.0,13812.8,13249.1,1350.9,3128.7,9333.2,15702.3,12.4,4.4,150895.0,0.65,0.4481818181818182,0.87,0.9868181818181818,89.1,2.2,57.73681818181819,121.02274090909091,29.21,0.5918181818181818,0.29545454545454547,97.4078,1266.0,0.29636363636363633,-18.351105536237,-24.297930741280993,5.946825205043993,-0.4528447444551498,-0.11818827841568735,-0.0754457506852102,-0.200662347653271,0.195046130319857,0.150790471853065,-0.200662347653271,0.195046130319857,-0.0440758224329542,-0.423470372514978,-0.102969258995755,-0.0805794637480983,2020-04-10,2020-04-10,2020-04-30,-0.22280802486170698,-0.298015389315612,-0.23136993560116328,-0.22280802486170698,-0.298015389315612,-0.036503641315144095
2020-04-01,83.12,78.04,85.03,79.1,106.50948231676063,107.4968394437421,,,0.12,256.032,256.389,265.746,103.838,104.293,290.639,164.836,251.063,324.391,117.065,138.89,402157.0,402995.0,335723.0,12249.2,11798.6,1186.0,2730.6,8332.6,18015.3,31.8,14.8,130426.0,0.05,0.2247619047619048,0.6576190476190477,1.1033333333333335,71.8,2.1,41.453809523809525,123.28034545454544,16.55,0.3880952380952381,0.1380952380952381,84.5619,936.0,0.25,-5.954834788582186,-5.993092089434526,0.03825730085234014,-0.7920147553434065,-0.48978858208451603,-0.3239926599892917,-0.593041283981971,0.173082095290372,0.140224772103896,-0.593041283981971,0.173082095290372,-0.316498171159186,-0.795106085217068,-0.44753462396222,-0.393498413598736,2020-05-12,2020-05-12,2020-05-29,-0.20206480123509707,-0.620616719252592,-0.533723185702632,-0.20206480123509707,-0.620616719252592,-0.07700024243955
2020-05-01,95.19,89.18,99.6,94.69,106.73917918815876,105.18534164114479,,,1.0,255.802,256.394,265.412,103.942,104.402,291.709,160.261,253.23,324.973,114.244,137.922,480256.0,499442.0,380040.0,13281.5,12780.5,1541.4,2960.2,8779.9,17110.0,22.6,13.2,133040.0,0.05,0.1705,0.674,1.1155,72.3,3.2,30.897000000000002,122.61501000000001,28.56,0.3395,0.1275,85.9604,1039.0,0.21200000000000002,13.558954747224217,13.343528344441946,0.21542640278218173,-0.08983252093487382,-0.12568392374673332,0.10451324633484749,0.0768016039938002,0.119268653720066,0.086481095427754,0.0768016039938002,0.119268653720066,-0.0542958118252911,-0.0523637955154643,-0.060240737045425,0.0952025055164007,2020-06-10,2020-06-10,2020-06-26,-0.1291653995092645,-0.179509390765491,0.0087214100886467,-0.1291653995092645,-0.179509390765491,0.1494983173416918
2020-06-01,105.98,97.72,109.82,99.81,108.45272206303727,110.02905520488927,,,1.0,257.042,257.797,265.849,104.27,104.565,293.219,178.169,254.674,325.425,115.665,134.156,518998.0,524829.0,410421.0,14049.2,13476.8,1674.1,3105.7,9269.4,17050.2,18.3,11.0,137671.0,0.08,0.18500000000000003,0.7286363636363636,1.2731818181818182,78.1,3.0,31.119545454545456,119.67660454545454,38.31,0.34454545454545454,0.15954545454545455,91.5934,1266.0,0.185,10.737550280140251,9.14494471902092,1.5926055611193313,0.4847499237691677,0.16464967672902286,0.15612727725522468,0.58000399078172,0.102663688320645,0.084826581022925,0.58000399078172,0.102663688320645,0.178679336011591,0.565356103969217,0.235080488696182,0.203185306774323,2020-07-14,2020-07-14,2020-07-31,-0.014647886812503064,0.132416800375537,0.11835872575139801,-0.014647886812503064,0.132416800375537,0.024505970762732004
2020-07-01,106.93,97.95,112.46,102.69,109.16794282797346,109.51407147726167,,,0.6,258.352,259.101,267.389,104.578,104.937,294.599,185.072,252.003,326.249,116.576,136.77,526938.0,540141.0,418324.0,14307.2,13683.5,1737.0,3144.2,9426.1,17202.9,17.9,10.2,139255.0,0.09,0.1481818181818182,0.6236363636363637,1.4563636363636363,72.5,3.0,26.840454545454545,118.69004999999999,40.71,0.2786363636363636,0.12681818181818183,95.0256,1526.0,0.1518181818181818,0.8924017703948905,0.2350898001010293,0.6573119702938612,0.5096443382793581,0.5792762056656242,0.3557595753837406,0.288619323366245,0.0991796517223781,0.0787661287786938,0.288619323366245,0.0991796517223781,0.48266865043292,0.586671021017526,0.620149211658805,0.349347295432834,2020-08-12,2020-08-12,2020-08-28,0.298051697651281,0.5209695599364269,0.2705811666541402,0.298051697651281,0.5209695599364269,-0.13332135500008602
2020-08-01,108.78,102.09,112.82,106.74,106.5530414340288,105.69608394228966,0.7692307692307693,0.38461538461538464,0.78,259.316,259.918,268.422,104.87,105.243,295.437,188.325,252.148,326.782,116.907,144.102,531019.0,536756.0,421624.0,14462.2,13793.0,1760.4,3135.1,9566.7,16542.0,13.9,8.4,140821.0,0.1,0.13952380952380952,0.65,1.6614285714285715,74.1,3.1,22.88952380952381,116.94534761904762,42.34,0.26666666666666666,0.10428571428571429,95.9549,1396.0,0.16238095238095238,1.715307922624909,4.139763279037467,-2.4244553564124693,0.3731343283582156,0.38632853258735445,0.29160353354868995,0.214177817870108,0.129876850377061,0.104167178250241,0.214177817870108,0.129876850377061,0.289344077061932,0.370280183825944,0.385484563808536,0.333553355335536,2020-09-11,2020-09-11,2020-10-01,0.15610236595583601,0.25560771343147504,0.229386177085295,0.15610236595583601,0.25560771343147504,0.04420927827360399
2020-09-01,111.69,102.91,109.85,102.14,108.53172675153047,107.54846289406697,1.0,0.6153846153846154,0.78,259.997,260.28,268.933,105.057,105.41,297.08,193.069,251.166,327.043,117.157,152.968,541241.0,522045.0,428216.0,14668.1,13964.6,1765.8,3191.8,9710.5,16633.7,13.3,7.8,141770.0,0.09,0.13476190476190478,0.6795238095238095,1.6561904761904762,80.4,2.6,27.64761904761905,116.34313333333334,39.63,0.26952380952380955,0.10857142857142857,95.9669,1473.0,0.16095238095238099,2.639968255792091,0.8000042667076102,1.839963989084481,0.2626139536318739,0.19037187711885561,0.15868038729416334,0.125642856152693,0.143252800797162,0.132055824083066,0.125642856152693,0.143252800797162,0.160317666135845,0.203326388915648,0.192374240456639,0.178323582634965,2020-10-13,2020-10-13,2020-10-30,0.077683532762955,0.04912143965947702,0.04626775855189902,0.077683532762955,0.04912143965947702,0.018005916499120006
2020-10-01,111.34,102.54,111.32,104.34,108.58201677394189,106.68966839179603,0.5384615384615384,0.6153846153846154,0.38,260.319,260.388,269.306,105.151,105.507,297.893,191.525,251.641,327.421,117.158,155.964,539469.0,543475.0,426711.0,14725.8,14007.1,1773.4,3170.1,9782.3,16573.6,12.8,6.9,142460.0,0.09,0.14952380952380953,0.7871428571428571,1.7038095238095239,81.8,2.6,29.438636363636363,115.77981428571428,39.4,0.3357142857142857,0.10047619047619047,96.7394,1543.0,0.23523809523809522,-0.3138593797373801,-0.36018534924462386,0.04632596950724377,0.1238475828567287,0.1386962552011095,0.09202162982639983,0.138662368968245,0.143448824607896,0.128343979840456,0.138662368968245,0.143448824607896,0.0314972209312909,0.0445795495159551,0.0118842474300163,-0.0140290576857383,2020-11-12,2020-11-12,2020-11-25,-0.09408281945228988,-0.13156457717787973,-0.14237303752619432,-0.09408281945228988,-0.13156457717787973,-0.045526278617029195
2020-11-01,108.9,100.2,102.02,95.02,108.68263473053892,107.36687013260367,0.15384615384615385,0.23076923076923078,0.18,260.911,260.229,269.981,105.258,105.605,298.253,191.823,251.365,327.801,117.411,154.817,534539.0,533981.0,422994.0,14701.6,13970.3,1764.6,3163.4,9773.7,16381.8,12.0,6.7,142733.0,0.09,0.16578947368421051,0.8700000000000001,1.7121052631578948,76.9,2.8,24.9955,114.09840000000001,40.94,0.3878947368421053,0.09105263157894737,97.0816,1543.0,0.2968421052631579,-2.2158552816446964,-2.3084777704790227,0.09262248883423752,0.2274132890799363,0.25064424854999157,0.09288483228599986,0.148491436448164,0.134836460329967,0.116927061397081,0.148491436448164,0.134836460329967,0.168580745114625,0.188994526073194,0.21946111342166,0.0122766095512095,2020-12-10,2020-12-10,2020-12-23,0.04050308962502999,0.08462465309169301,-0.1046504518458715,0.04050308962502999,0.08462465309169301,-0.15630413556341552
2020-12-01,109.86,100.19,109.26,97.14,109.65166184249927,112.47683755404572,0.9230769230769231,0.38461538461538464,0.74,262.045,260.474,270.341,105.699,105.896,299.369,208.753,252.536,328.217,117.967,154.216,539422.0,599783.0,425932.0,14822.0,14026.7,1803.7,3200.2,9818.2,16397.7,11.8,6.7,142548.0,0.09,0.13590909090909092,0.9336363636363636,1.9159090909090908,80.7,2.5,22.37409090909091,111.89921428571428,47.02,0.3859090909090909,0.08727272727272727,98.363,1614.0,0.29863636363636364,0.8776797975559525,-0.00998053795928655,0.887660335515239,0.4346309661148906,0.13334271670970566,0.2755551347000562,0.391439394982779,0.136960571469466,0.114381233977926,0.391439394982779,0.136960571469466,0.0715572516436879,0.36730734576349,0.0852208516897823,0.305153409738601,2021-01-13,2021-01-13,2021-01-29,-0.02413204921928902,-0.051739719779683696,0.190772175760675,-0.02413204921928902,-0.051739719779683696,0.2335961580949131
2021-01-01,109.41,96.59,99.61,88.76,113.27259550678124,112.22397476340693,,,0.54,262.687,261.582,270.387,106.065,106.168,300.382,223.567,252.541,328.535,119.065,153.361,559736.0,507696.0,442731.0,15072.4,14215.2,1863.4,3287.8,9921.2,18207.3,19.5,6.4,142863.0,0.09,0.1310526315789474,1.0810526315789473,2.081578947368421,79.0,3.0,24.91,111.48727222222222,52.0,0.44526315789473686,0.08368421052631579,98.8822,1624.0,0.36157894736842106,-0.4104534425775519,-3.6593167079966626,3.2488632654191996,0.24499608845809373,0.017015547031329348,0.25685578303240586,0.305410106009382,0.133673145478757,0.120340358421885,0.349056443112153,0.133799234835428,0.0378232660857777,0.256537696895554,0.0314884789212266,0.251776862755371,2021-02-10,2021-02-10,2021-02-26,-0.04887240911382801,-0.10218466655753039,0.13143650433348597,-0.092518746216599,-0.10231075591420138,0.2139535966695933
2021-02-01,105.46,90.04,95.2,81.46,117.12572190137716,116.86717407316476,,,0.12,263.579,263.014,270.793,106.441,106.435,300.54,234.713,252.822,329.124,118.14,153.647,545417.0,480955.0,432496.0,14974.1,14073.1,1795.3,3237.2,9941.6,16695.6,13.0,6.2,143380.0,0.08,0.11526315789473685,1.2578947368421052,2.18,76.8,3.3,23.140526315789476,112.01705263157895,59.04,0.5426315789473685,0.04263157894736842,95.6149,1398.0,0.5,-3.677055938637519,-7.022120015267319,3.3450640766298,0.33956762230333837,0.15015514799159302,0.25148820736944355,0.348049032167968,0.115876266327218,0.12668889253402,0.348049032167968,0.115876266327218,0.102322780119807,0.354649145219299,0.101472085917975,0.0854984208965126,2021-03-10,2021-03-10,2021-03-26,0.0066001130513310136,-0.01440418040924299,-0.041190471637507386,0.0066001130513310136,-0.01440418040924299,-0.016824359223294394
2021-03-01,117.45,98.6,123.08,102.04,119.11764705882352,120.61936495491963,1.0,0.6923076923076923,1.0,264.961,264.877,271.459,107.019,106.865,300.897,254.403,252.933,329.947,118.484,154.93,603580.0,617065.0,471088.0,15706.8,14682.2,2062.2,3455.2,10189.4,20510.3,26.2,6.1,144232.0,0.07,0.14695652173913046,1.6108695652173912,2.2752173913043476,84.9,3.1,21.84304347826087,113.33664347826087,62.33,0.8230434782608695,0.03130434782608695,98.3856,1688.0,0.7917391304347826,10.768097700259815,9.0817245570058,1.6863731432539275,0.524320981565296,0.2459443190924393,0.40400244280545117,0.447084249995973,0.106495649453042,0.11726846012507,0.447084249995973,0.106495649453042,0.26294080108906,0.620152682198349,0.338514015960101,0.358410436632872,2021-04-13,2021-04-13,2021-04-30,0.17306843220237594,0.23201836650705898,0.24114197650780198,0.17306843220237594,0.23201836650705898,0.09546963554381199
2021-04-01,119.54,99.9,122.95,101.32,119.65965965965965,121.34820371101462,0.7692307692307693,0.6923076923076923,0.7,266.614,267.054,273.66,107.553,107.493,301.819,246.052,254.125,331.208,119.692,168.006,609247.0,612791.0,472869.0,15913.9,14801.6,2104.5,3462.9,10346.5,17406.3,12.3,6.1,144587.0,0.07,0.16318181818181818,1.635,2.3495454545454546,88.3,3.4,17.416190476190476,112.63228636363637,61.72,0.8618181818181818,0.02090909090909091,98.5587,1489.0,0.8409090909090909,1.7638332291186387,1.3098424045918655,0.453990824526862,0.6238653990587206,0.8108038414641028,0.5876573246619499,0.0860630292083403,0.136453778110598,0.151669000030178,0.0860630292083403,0.136453778110598,0.692465171813853,0.770035461662499,0.916619348558689,0.664022151431776,2021-05-12,2021-05-12,2021-05-28,0.6839724324541587,0.780165570448091,0.512353151401598,0.6839724324541587,0.780165570448091,-0.028443020382077022
2021-05-01,120.01,99.58,125.42,105.38,120.51616790520185,119.01689125071171,0.5384615384615384,0.5384615384615384,0.5,268.383,269.195,275.465,108.069,107.989,303.481,249.382,255.043,332.111,120.794,178.929,605589.0,628676.0,472030.0,15969.5,14782.2,2032.1,3464.8,10472.6,16916.5,9.9,5.8,145065.0,0.06,0.155,1.621,2.468,82.9,4.6,19.7605,111.21226999999999,65.17,0.8195,0.018,99.4333,1600.0,0.8015,0.39240292472424443,-0.3208344440471578,0.7132373687713134,0.6635060424433847,0.6595775780164903,0.4614253951420233,0.208668313632782,0.243571052734698,0.251838962109983,0.208668313632782,0.243571052734698,0.553742424939651,0.644225580140301,0.737303617099028,0.480939124139179,2021-06-10,2021-06-10,2021-06-25,0.43555726650751897,0.49373256436433,0.22910016202919598,0.43555726650751897,0.49373256436433,-0.07280330080047198
2021-06-01,122.6,100.5,127.79,103.02,121.99004975124377,124.04387497573288,0.8461538461538461,0.6923076923076923,0.84,270.654,271.696,277.651,108.668,108.522,305.634,256.305,257.058,333.835,121.339,194.846,611711.0,620677.0,481740.0,16185.5,14899.5,2019.2,3540.2,10626.0,16839.3,8.7,5.9,145820.0,0.08,0.20272727272727273,1.5190909090909093,2.3427272727272728,85.5,4.2,16.956818181818182,111.57769545454545,71.38,0.8386363636363636,0.03590909090909091,99.7987,1664.0,0.8027272727272727,2.1351950858760738,0.9196386285093894,1.2155564573666844,0.8461787818155431,0.7935672408473149,0.49356878941373417,0.362237342100795,0.311251202763017,0.278644769241752,0.362237342100795,0.311251202763017,0.646923964937458,0.904856060859949,0.878433762032205,0.449678800856534,2021-07-13,2021-07-13,2021-07-30,0.542618718759154,0.567182559269188,0.17103403161478198,0.542618718759154,0.567182559269188,-0.19724516408092396
2021-07-01,122.43,100.7,128.64,106.58,121.57894736842105,120.6980671795834,0.5384615384615384,0.5384615384615384,0.52,271.903,273.003,278.648,109.162,108.971,308.023,260.515,258.491,335.446,121.319,193.734,602014.0,619294.0,476556.0,16236.2,14878.5,1960.7,3499.5,10776.0,16968.0,9.5,5.4,146762.0,0.1,0.21952380952380954,1.3185714285714287,2.3276190476190477,81.2,4.7,17.603333333333335,113.06331904761906,72.49,0.7642857142857143,0.05238095238095238,100.2519,1600.0,0.7119047619047619,-0.13875854162872514,0.1988072225386439,-0.33756576416728024,0.4614747980816958,0.359083885885525,0.41374099260980124,0.391912231584567,0.364219636265928,0.290535445206059,0.391912231584567,0.364219636265928,0.252981536203592,0.473833958838443,0.328611490616226,0.33752684872661,2021-08-11,2021-08-11,2021-08-27,0.08192172725387598,-0.035608145649701994,0.04699140352055098,0.08192172725387598,-0.035608145649701994,0.084545312523018
2021-08-01,120.2,99.07,125.65,103.4,121.3283536893106,121.51837524177948,0.23076923076923078,0.3076923076923077,0.16,272.676,273.567,278.997,109.599,109.34,309.336,266.871,259.613,336.022,121.505,190.066,605419.0,614617.0,483335.0,16404.0,14972.2,1966.4,3558.4,10879.1,16950.2,8.9,5.1,147314.0,0.09,0.21727272727272728,1.2831818181818182,2.3486363636363636,70.3,4.6,17.472727272727273,113.40253636363636,67.73,0.7722727272727273,0.05454545454545454,100.0437,1596.0,0.7177272727272728,-1.8382415984716793,-1.6319128739578304,-0.2063287245139378,0.2842925602144719,0.1252476242427747,0.338622202237282,0.405130006699523,0.346538920879067,0.29677772067068,0.405130006699523,0.346538920879067,0.115000493095501,0.274365048757641,0.101772416808243,0.334735142942111,2021-09-14,2021-09-14,2021-10-01,-0.13076495794188198,-0.244766504070824,0.03795742227143101,-0.13076495794188198,-0.244766504070824,0.21973464984660998
2021-09-01,121.69,99.32,120.01,98.84,122.52315747080145,121.41845406717928,0.6923076923076923,0.7692307692307693,0.74,273.91,274.31,279.698,109.948,109.548,310.996,273.26,262.459,337.357,121.051,190.308,610161.0,590383.0,486665.0,16489.3,15002.1,1966.3,3578.8,10944.2,16772.1,7.8,4.7,147771.0,0.08,0.24095238095238097,1.3747619047619049,2.3442857142857143,72.8,4.6,19.824761904761903,113.44374761904761,71.65,0.8638095238095238,0.0419047619047619,98.8579,1576.0,0.8219047619047619,1.2319805247601678,0.25202896550275966,0.979951559257497,0.4525517463950024,0.25125718197684943,0.19023230290835524,0.361783214592945,0.326009763448578,0.297126849106611,0.361783214592945,0.326009763448578,0.216602474611215,0.412436083395584,0.243074698036061,0.210950803561594,2021-10-13,2021-10-13,2021-10-29,0.05065286880263903,-0.08293506541251702,-0.08617604554501701,0.05065286880263903,-0.08293506541251702,-0.005651671049620999
2021-10-01,123.18,99.53,122.14,101.64,123.7616798955089,120.16922471467926,0.8461538461538461,0.8461538461538461,0.78,276.55,276.589,281.668,110.7,110.119,313.592,286.527,265.084,338.948,122.57,197.214,619018.0,617603.0,493495.0,16704.6,15094.3,2042.4,3635.5,11026.8,16775.8,7.2,4.5,148572.0,0.08,0.39249999999999996,1.5825,2.535,71.7,4.8,17.871428571428574,114.06348499999999,81.48,1.106,0.052000000000000005,100.1861,1587.0,1.054,1.2169872910188673,0.21121456180059894,1.0057727292181795,0.9638202329232071,0.704331099972122,0.5212327016467677,0.493613050012219,0.330725553376075,0.298618504692578,0.493613050012219,0.330725553376075,0.442541662637754,0.943320517403645,0.599249331290608,0.425039292896856,2021-11-10,2021-11-10,2021-11-24,0.449707467391426,0.26852377791453297,0.126420788204278,0.449707467391426,0.26852377791453297,-0.017502369740898027
2021-11-01,124.66,98.6,117.53,93.18,126.43002028397565,126.13221721399441,0.9230769230769231,0.6923076923076923,0.8,278.919,277.948,283.406,111.435,110.671,315.481,305.127,267.473,340.544,123.61,203.485,625980.0,633037.0,498332.0,16842.5,15118.0,2052.4,3686.2,11104.0,16727.1,6.9,4.1,149230.0,0.08,0.508,1.5595,2.616,67.4,4.9,18.50047619047619,114.989795,79.15,1.2025000000000001,0.051500000000000004,100.8654,1707.0,1.151,1.19433311218069,-0.9387844649382693,2.133117577118959,0.8566262881938069,0.6170384992260303,0.5012758924436422,0.56788894695175,0.374625584263953,0.337553224845363,0.56788894695175,0.374625584263953,0.401279596430097,0.779115653141771,0.534620777791583,0.461651012016384,2021-12-10,2021-12-10,2021-12-23,0.21122670619002104,0.15999519352763003,0.12409778717102099,0.21122670619002104,0.15999519352763003,0.060371415586287
2021-12-01,123.74,98.21,122.15,95.18,125.99531615925059,128.33578482874552,0.38461538461538464,0.38461538461538464,0.42,280.845,278.802,285.18,112.088,111.28,317.372,313.591,268.985,341.931,124.753,211.728,621734.0,688202.0,497312.0,16879.2,15062.3,2037.3,3685.0,11156.9,16647.1,6.8,3.9,149816.0,0.08,0.68,1.4649999999999999,2.458181818181818,70.6,4.8,21.354545454545455,115.8045380952381,71.71,1.2295454545454545,0.05863636363636364,100.5726,1711.0,1.170909090909091,-0.740744127786197,-0.39632184389066794,-0.3444222838954403,0.6905230550805275,0.6259571074712644,0.5502796577242508,0.388985413110369,0.404667075043658,0.381593524823881,0.388985413110369,0.404667075043658,0.423940025307479,0.470453241537583,0.550139300355568,0.498108026655064,2022-01-12,2022-01-12,2022-01-28,0.081467828427214,0.14547222531191,0.116514501831183,0.081467828427214,0.14547222531191,0.074168001347585
2022-01-01,123.81,94.22,112.44,86.25,131.40522182126938,130.36521739130436,0.6153846153846154,0.8461538461538461,0.44,282.543,281.148,286.757,112.678,111.822,319.471,312.894,271.176,342.858,125.476,215.494,634120.0,572890.0,500433.0,16995.0,15085.8,2109.1,3703.6,11182.2,16235.8,4.3,4.0,150006.0,0.08,0.9804999999999999,1.764,2.4495,67.2,4.9,23.181,115.03728000000001,83.22,1.5385,0.14550000000000002,100.1856,1693.0,1.393,0.05655423297579176,-4.147556989778778,4.204111222754481,0.6046039630400957,0.5529840802300345,0.48705966930266964,0.469270112864026,0.446774943615626,0.395556398458741,0.427111543925782,0.445653417478999,0.457051407409994,0.645066862768906,0.58327773290725,0.517060498576205,2022-02-10,2022-02-10,2022-02-25,0.17579674990488003,0.13650278929162407,0.12150410011746393,0.21795531884312402,0.13762431542825104,0.06000909116621095
2022-02-01,126.07,95.03,113.99,85.93,132.66336946227506,132.65448620970557,0.9230769230769231,0.46153846153846156,0.72,284.5,283.716,288.273,113.37,112.362,320.88,323.33,274.728,344.705,125.997,216.876,640815.0,566039.0,507059.0,17092.7,15079.5,2062.2,3739.8,11290.7,16227.2,4.2,3.9,150825.0,0.08,1.4352631578947368,1.9342105263157894,2.4578947368421056,62.8,4.9,25.748421052631578,114.99774210526316,91.64,1.8115789473684212,0.3147368421052632,100.8064,1730.0,1.496842105263158,1.8089175810577451,0.8560157951328584,0.9529017859248867,0.6926379347568234,0.5286706165847699,0.48291033964693586,0.720009769153428,0.490247311759534,0.424139026121119,0.720009769153428,0.490247311759534,0.413404115300419,0.797707256688662,0.50518274907394,0.353825374333994,2022-03-10,2022-03-10,2022-03-31,0.07769748753523409,0.014935437314405997,-0.07031365178712495,0.07769748753523409,0.014935437314405997,-0.05957874096642496
2022-03-01,128.48,96.16,135.03,99.45,133.61064891846922,135.7767722473605,0.9230769230769231,0.7692307692307693,0.94,287.674,287.504,289.056,114.425,112.807,321.689,375.953,278.333,346.396,126.443,209.646,652673.0,666105.0,520251.0,17336.3,15152.9,2080.0,3844.6,11411.7,16140.3,3.3,3.7,151315.0,0.2,1.9095652173913045,2.1278260869565218,2.8465217391304347,59.4,5.4,26.968695652173913,116.29083913043478,108.5,2.1091304347826085,0.44739130434782615,101.3907,1700.0,1.6617391304347824,1.8935941955273705,1.1820839563673857,0.7115102391600736,1.115641476274165,0.27161752921707194,0.3960413662982276,1.11235141817602,0.519758596218243,0.439598086885181,1.11235141817602,0.519758596218243,0.288713591861576,1.24075416458467,0.324095623840659,0.292549894632455,2022-04-12,2022-04-12,2022-04-29,0.12840274640865013,-0.19566297237758407,-0.14704819225272597,0.12840274640865013,-0.19566297237758407,0.0038363027708789854
2022-04-01,130.29,97.57,132.99,99.14,133.53489802193297,134.14363526326406,1.0,0.46153846153846156,0.74,288.561,289.109,290.514,114.688,113.178,323.559,352.96,281.593,348.23,126.098,206.194,661508.0,665943.0,526666.0,17481.8,15244.4,2117.9,3834.4,11529.5,16146.3,2.7,3.7,151623.0,0.33,2.538,2.7475,2.884,65.2,5.4,24.3735,117.16879523809523,101.78,2.7775,0.7635,101.44,1807.0,2.014,1.3989485016388414,1.4556598332961634,-0.056711331657322006,0.30833512934780316,0.5044005313849409,0.32888029998137114,0.284773145385296,0.521352735312484,0.421758570433782,0.284773145385296,0.521352735312484,0.448187910874277,0.331933766179593,0.569230396349174,0.344356021287462,2022-05-11,2022-05-11,2022-05-27,0.047160620794297003,0.04787766103669,-0.07740254914632,0.047160620794297003,0.04787766103669,-0.103831889586815
2022-05-01,129.44,97.17,136.56,102.4,133.2098384274982,133.359375,0.5384615384615384,0.7692307692307693,0.24,291.298,292.296,292.063,115.401,113.571,325.952,371.34,285.522,350.204,126.693,207.673,661325.0,687716.0,531192.0,17568.9,15225.4,2059.9,3893.1,11615.9,16123.3,2.6,3.6,151924.0,0.77,2.6166666666666667,2.8980952380952383,2.6885714285714286,58.4,5.3,29.313636363636363,119.69619047619047,109.55,2.874285714285714,0.9928571428571429,101.3335,1546.0,1.8814285714285712,-0.6545281904657863,-0.4108047268511328,-0.2437234636147423,0.9484996239963239,0.5331928925972562,0.34724062980437953,0.672324850959812,0.497477697187304,0.400526157486751,0.672324850959812,0.497477697187304,0.455242027786808,0.973799898151118,0.631423112013918,0.348074507646956,2022-06-10,2022-06-10,2022-06-30,0.301475047191306,0.13394541482661398,-0.052451649839795,0.301475047191306,0.13394541482661398,-0.10716752013985198
2022-06-01,130.85,97.47,137.1,100.28,134.24643480045142,136.7171918627842,0.9230769230769231,0.5384615384615384,0.86,294.957,296.311,294.05,116.512,114.273,329.033,409.671,288.568,352.616,127.432,208.687,667984.0,678285.0,536241.0,17734.6,15222.2,2067.2,3960.1,11707.4,16081.5,2.4,3.6,152358.0,1.21,2.998095238095238,3.1433333333333335,2.6176190476190477,50.0,5.3,28.23318181818182,120.02570952380954,114.84,3.19,1.5385714285714287,101.018,1556.0,1.6514285714285712,1.0834175665972445,0.30826164977710846,0.7751559168202249,1.2561019986405686,0.6803326679517774,0.6181155400586391,0.971138470191902,0.487794750404188,0.382347738455021,0.971138470191902,0.487794750404188,0.488461681996659,1.32224486575132,0.706492546760229,0.594824130059468,2022-07-13,2022-07-13,2022-07-29,0.3511063955594179,0.21869779635604097,0.21247639160444698,0.3511063955594179,0.21869779635604097,0.10636244806280898
2022-07-01,131.27,98.09,136.28,104.02,133.8260780915486,131.01326667948473,0.6923076923076923,0.6153846153846154,0.64,294.913,296.276,295.088,116.65,114.658,331.342,375.422,292.455,354.68,127.394,206.552,659750.0,669553.0,531334.0,17750.8,15217.9,2070.7,3893.1,11787.0,16264.8,3.4,3.5,153072.0,1.68,3.036,2.896,2.362,51.5,5.2,24.995238095238093,122.7512,101.62,2.9635,2.298,101.223,1382.0,0.6654999999999998,0.32046418391615816,0.6340786227105433,-0.3136144387943851,-0.014917428642136077,0.35300119027377175,0.3369124815135738,0.26795765016111,0.479963775342375,0.39078468101368,0.26795765016111,0.479963775342375,0.282602629879326,-0.019300574276726,0.312888562750979,0.084573473204852,2022-08-10,2022-08-10,2022-08-26,-0.287258224437836,-0.16707521259139602,-0.30621120780882805,-0.287258224437836,-0.16707521259139602,-0.198029156674474
2022-08-01,132.13,98.28,139.93,103.0,134.44240944240943,135.85436893203882,0.7692307692307693,0.6153846153846154,0.82,295.097,296.171,296.535,116.924,115.248,334.212,335.333,294.884,357.048,127.422,204.837,662999.0,681612.0,531041.0,17877.8,15290.7,2099.3,3884.0,11894.5,16370.1,3.4,3.6,153362.0,2.33,3.25,2.8978260869565218,2.508260869565217,58.2,4.8,22.169565217391302,122.31775217391305,93.67,3.0273913043478258,2.721739130434783,101.0963,1532.0,0.3056521739130429,0.6530015610809237,0.19351230767545857,0.4594892534054651,0.062391281496565476,0.4903621970395289,0.5145737759249203,0.0568860529294564,0.479891397462036,0.372554634396458,0.0568860529294564,0.479891397462036,0.423950912695837,0.118196504228307,0.567267801202265,0.561993658311088,2022-09-13,2022-09-13,2022-09-30,0.061310451298850606,0.08737640374022904,0.18943902391463008,0.061310451298850606,0.08737640374022904,0.13804274561525104
2022-09-01,132.93,98.82,131.68,98.57,134.51730418943535,133.5903418890129,0.8461538461538461,0.38461538461538464,0.84,296.349,296.808,298.226,117.307,115.727,337.369,322.853,296.403,359.601,127.588,203.94,661072.0,643382.0,529825.0,17962.9,15313.2,2092.3,3886.9,11983.6,16432.6,3.6,3.5,153582.0,2.56,3.8566666666666665,3.5190476190476194,2.3823809523809523,58.6,4.7,27.34181818181818,125.59460000000001,84.26,3.6966666666666663,3.221904761904762,101.2918,1481.0,0.4747619047619045,0.6036387453383085,0.5479465764625324,0.05569216887568729,0.42426727482827165,0.5702530898544778,0.4156254338470111,0.315373806202104,0.511859702425673,0.400455489794083,0.315373806202104,0.511859702425673,0.44414289625038,0.385968473039711,0.575854520963137,0.450868264197513,2022-10-13,2022-10-13,2022-10-28,0.07059466683760701,0.06399481853746403,0.050412774403430005,0.07059466683760701,0.06399481853746403,0.006725367947133021
2022-10-01,133.05,99.33,132.77,101.67,133.94744790093628,130.58916101111438,0.8461538461538461,0.46153846153846156,0.58,298.007,298.012,299.399,117.902,116.186,340.532,337.263,297.966,362.353,127.777,201.171,666924.0,663619.0,533273.0,18087.9,15341.8,2110.9,3921.3,12055.7,16480.2,3.6,3.6,153939.0,3.08,4.375,3.9835000000000003,2.3935,59.9,5.0,30.005714285714287,127.480605,87.55,4.178,3.8725,101.2529,1446.0,0.3054999999999999,0.09023235441896205,0.5147626809660188,-0.424530326546968,0.5594754832984217,0.3933258669599482,0.3966230870928955,0.759750963994799,0.538634286225081,0.419192851962378,0.759750963994799,0.538634286225081,0.284254209517533,0.438399924518373,0.271546239871423,0.219129262184548,2022-11-10,2022-11-10,2022-12-01,-0.321351039476426,-0.267088046353658,-0.20006358977782998,-0.321351039476426,-0.267088046353658,-0.06512494733298499
2022-11-01,132.75,99.11,125.5,93.94,133.94208455251743,133.59591228443688,0.3076923076923077,0.5384615384615384,0.5,298.786,297.711,300.325,118.221,116.52,342.266,336.273,299.449,364.695,128.338,196.659,656410.0,663414.0,526904.0,18075.3,15289.6,2038.1,3909.9,12127.3,16511.2,4.0,3.6,154242.0,3.78,4.5035,3.8909999999999996,2.371,56.7,5.0,23.29909090909091,124.85272,84.37,4.0555,4.323,100.9552,1434.0,-0.26750000000000007,-0.22573373016498977,-0.22172958086468242,-0.004004149300307347,0.2614032556282231,0.30928627016122423,0.28747009106087074,0.46745580433186,0.511028094294495,0.406288876702815,0.46745580433186,0.511028094294495,0.258846637820507,0.0962886916144878,0.19868367888709,0.168090096291618,2022-12-13,2022-12-13,2022-12-23,-0.37116711271737224,-0.31234441540740504,-0.238198780411197,-0.37116711271737224,-0.31234441540740504,-0.09075654152888898
2022-12-01,133.24,98.97,130.19,96.45,134.62665454178037,134.98185588387764,0.6923076923076923,0.23076923076923078,0.7,298.832,296.797,301.394,118.372,116.923,343.559,309.091,300.576,367.466,128.475,193.008,648305.0,716752.0,523198.0,18085.1,15278.5,2025.9,3862.8,12196.4,16590.5,4.4,3.5,154342.0,4.1,4.288571428571428,3.616190476190476,2.2595238095238095,59.8,4.3,21.784285714285716,122.23432857142858,76.44,3.7642857142857142,4.358095238095238,99.7664,1296.0,-0.593809523809524,0.3684353203430746,-0.14135705100173368,0.5097923713448083,0.01539563433359259,0.35594772329976543,0.3458633710951009,0.121098241931858,0.483981534288132,0.382356739931006,0.121098241931858,0.483981534288132,0.323029256237578,-0.0794371692212748,0.302600094645844,0.296486909823224,2023-01-12,2023-01-12,2023-01-27,-0.2005354111531328,-0.18138143964228803,-0.08586983010778199,-0.2005354111531328,-0.18138143964228803,-0.02654234641435399
2023-01-01,135.54,101.21,124.32,92.25,133.91957316470703,134.7642276422764,1.0,0.46153846153846156,0.82,300.42,299.17,302.642,118.938,117.415,345.677,317.38,301.676,369.911,129.43,190.423,674646.0,609481.0,535683.0,18414.8,15483.1,2175.9,3929.1,12309.8,16911.9,5.0,3.5,154776.0,4.33,4.2075000000000005,3.5315,2.237,64.9,3.9,20.16904761904762,119.81006500000001,78.12,3.643,4.6875,100.505,1358.0,-1.0445000000000002,1.7114786382488312,2.2380792292209684,-0.526600590972226,0.5314022594635093,0.4140759271916483,0.420789750519579,0.626251803326807,0.462378588272159,0.361018944472913,0.647054090382272,0.463402950713156,0.362602132390942,0.517074149637109,0.411994957871697,0.571078606822706,2023-02-14,2023-02-14,2023-02-24,-0.109177653689698,-0.05038363040046201,0.21005966234979295,-0.12997994074516306,-0.05140799284145903,0.20847647443176393
2023-02-01,133.95,99.17,121.5,89.8,135.07109004739334,135.30066815144767,0.23076923076923078,0.6153846153846154,0.14,301.45,300.84,304.123,119.265,117.825,347.869,316.327,302.444,372.636,130.239,187.711,664692.0,587988.0,530854.0,18442.1,15463.6,2135.2,3950.1,12356.8,17003.9,5.6,3.6,155066.0,4.57,4.5336842105263155,3.7468421052631578,2.333684210526316,66.9,4.2,20.1205,120.30837368421054,76.83,3.9421052631578952,4.787894736842105,100.6416,1395.0,-0.84578947368421,-1.1800203717349689,-2.0362017002775623,0.8561813285426823,0.3428533386591992,0.4893570621394172,0.34918877485841104,0.536749865743129,0.451013118219693,0.384128724400177,0.536749865743129,0.451013118219693,0.392966360283566,0.370005590012523,0.451929620550895,0.29984651655881,2023-03-14,2023-03-14,2023-03-31,-0.16674427573060602,0.000916502331201996,-0.08428220784136697,-0.16674427573060602,0.000916502331201996,-0.09311984372475601
2023-03-01,133.37,98.78,140.32,102.25,135.01720996153068,137.2322738386308,0.46153846153846156,0.5384615384615384,0.38,301.821,301.836,305.147,119.564,118.295,349.944,309.776,301.467,374.678,130.426,186.619,655146.0,670460.0,523242.0,18483.7,15459.9,2118.3,3909.0,12456.4,17092.8,6.1,3.5,155134.0,4.65,4.302608695652173,3.6630434782608696,2.3021739130434784,62.0,3.6,21.644347826086957,120.74501304347825,73.28,3.823478260869565,4.858695652173913,101.0205,1366.0,-1.0352173913043479,-0.43393753563139015,-0.39403940855553543,-0.039898127075943535,0.12307181953890023,0.3367058722950844,0.398896668788451,0.300586166573628,0.449301598993516,0.375358481724042,0.300586166573628,0.449301598993516,0.352932941589209,0.0530419561873385,0.384779820436099,0.28056238572598,2023-04-12,2023-04-12,2023-04-28,-0.24754421038628951,-0.06452177855741703,-0.09479609599806199,-0.24754421038628951,-0.06452177855741703,-0.07237055586322899
2023-04-01,133.33,99.15,134.0,100.71,134.47302067574384,133.0553073180419,0.7692307692307693,0.38461538461538464,0.46,302.845,303.363,306.534,119.886,118.671,351.237,309.412,301.811,376.404,130.573,192.647,658962.0,652055.0,525745.0,18575.7,15495.1,2150.0,3939.9,12485.9,17149.6,6.1,3.4,155375.0,4.83,4.016,3.46,2.2664999999999997,63.7,4.7,17.817894736842106,119.24514500000001,79.45,3.537,5.0735,101.253,1343.0,-1.5365000000000002,-0.029996250693642423,0.37386998533266436,-0.40386623602621796,0.3392739405144063,0.4545350273802429,0.3178494441861579,0.608716511827863,0.455367123106556,0.375398293566988,0.608716511827863,0.455367123106556,0.359118531228337,0.367783491491291,0.409186214126578,0.380269960244495,2023-05-10,2023-05-10,2023-05-26,-0.240933020336572,-0.04618090897997801,0.004871666677506992,-0.240933020336572,-0.04618090897997801,0.02115142901615802
2023-05-01,135.58,100.09,144.87,105.69,135.45808772105104,137.0706783990917,0.8461538461538461,0.23076923076923078,0.92,303.334,304.127,307.652,120.129,119.061,352.892,298.832,302.184,378.304,131.003,198.793,662303.0,696485.0,527112.0,18607.8,15490.6,2144.7,3926.0,12537.2,17216.3,6.4,3.6,155655.0,5.06,4.131818181818182,3.5736363636363637,2.213636363636364,59.0,4.2,17.63608695652174,119.62925454545456,71.58,3.5913636363636368,5.308181818181819,100.9286,1609.0,-1.7168181818181818,1.6734613875452276,0.9435926265122241,0.7298687610330035,0.1614687381333635,0.3647229997324919,0.32863968450589365,0.191102517094392,0.45014120706102,0.383356558082957,0.191102517094392,0.45014120706102,0.375492842412755,0.124126001095992,0.435578438377893,0.31470173790511,2023-06-13,2023-06-13,2023-06-30,-0.06697651599839999,-0.014562768683127003,-0.06865482017784696,-0.06697651599839999,-0.014562768683127003,-0.060791104507644966
2023-06-01,136.17,100.22,142.72,103.31,135.8710836160447,138.14732358919755,0.6153846153846154,0.8461538461538461,0.66,304.014,305.109,308.322,120.41,119.35,354.245,301.426,302.057,380.155,131.118,197.601,664476.0,675653.0,526893.0,18692.8,15525.2,2141.1,3945.1,12606.6,17256.7,6.3,3.6,155880.0,5.08,4.639523809523809,3.7480952380952384,2.2004761904761905,64.2,3.3,14.003181818181817,119.29695238095238,70.25,3.9495238095238094,5.4157142857142855,100.1196,1420.0,-1.466190476190476,0.43422331336646636,0.12979883006511983,0.3044244833013465,0.224175331482801,0.2177785289873002,0.24273271684260855,0.423795902201497,0.433611798721469,0.376862797920574,0.423795902201497,0.433611798721469,0.214973228223444,0.18035305677,0.157557565362021,0.165496998415304,2023-07-12,2023-07-12,2023-07-28,-0.243442845431497,-0.276054233359448,-0.21136579950526999,-0.243442845431497,-0.276054233359448,-0.04947622980814001
2023-07-01,135.92,100.22,140.5,105.99,135.62163240870083,132.55967544107935,0.6153846153846154,0.3076923076923077,0.4,304.609,305.691,308.96,120.571,119.515,354.862,300.625,302.984,381.895,131.352,194.701,663391.0,668702.0,528658.0,18791.6,15586.4,2153.5,3958.9,12679.2,17305.2,6.2,3.5,156043.0,5.12,4.8285,3.8994999999999997,2.2965,71.5,3.4,13.932380952380951,118.04916499999999,76.07,4.1415,5.4885,100.9067,1464.0,-1.3470000000000004,-0.183762777280716,0.0,-0.1837627772808048,0.1957146710348745,0.20692652486684615,0.13824884792628112,0.406276130736562,0.396385338143237,0.335461303642555,0.406276130736562,0.396385338143237,0.197330609957322,0.166863589838107,0.159580161461381,0.215896868326304,2023-08-10,2023-08-10,2023-08-31,-0.23941254089845498,-0.23680517668185602,-0.119564435316251,-0.23941254089845498,-0.23680517668185602,0.018566258368982014
2023-08-01,136.69,100.1,144.72,105.02,136.55344655344658,137.80232336697773,0.7692307692307693,0.6153846153846154,0.7,306.082,307.026,309.58,120.944,119.662,356.083,323.701,303.631,382.947,131.16,191.078,667632.0,689161.0,532705.0,18869.0,15602.4,2152.6,4008.4,12708.1,17348.5,6.3,3.7,156261.0,5.33,4.901739130434782,4.167826086956522,2.3352173913043477,69.4,3.5,15.85391304347826,119.85634782608695,81.39,4.306521739130434,5.559130434782609,100.8393,1321.0,-1.2526086956521745,0.5649110800884927,-0.1198083210404377,0.6847194011289304,0.4835707415079771,0.20067322630761275,0.12299711333305652,0.789346717069817,0.383948211586038,0.34650575287315,0.789346717069817,0.383948211586038,0.269781389234021,0.631185353608377,0.278496507459502,0.1448316854892,2023-09-13,2023-09-13,2023-09-29,-0.15816136346143994,-0.10545170412653598,-0.20167406738395,-0.15816136346143994,-0.10545170412653598,-0.124949703744821
2023-09-01,137.36,100.63,134.39,100.09,136.5000496869721,134.26915775801777,0.8461538461538461,0.3076923076923077,0.7,307.276,307.789,310.539,121.403,120.053,357.488,332.732,303.449,385.285,130.338,187.65,671096.0,652547.0,535272.0,18984.6,15638.6,2153.7,4031.0,12799.9,17369.5,6.0,3.7,156417.0,5.33,5.022,4.379,2.342,67.8,3.2,15.173333333333332,121.64553000000001,89.43,4.487,5.5555,101.0211,1369.0,-1.0685000000000002,0.4889628424658454,0.5280737624067555,-0.039110919940821276,0.3900915440960384,0.3097745332385715,0.3267536895589229,0.39052951098285,0.358725861966784,0.317485945818378,0.39052951098285,0.358725861966784,0.291825016284671,0.395730550594409,0.32293378888526,0.298537417525901,2023-10-12,2023-10-12,2023-10-27,0.0052010396115589885,-0.035792073081524045,-0.018948528292477007,0.0052010396115589885,-0.035792073081524045,0.006712401241230015
2023-10-01,136.83,100.04,137.35,101.54,136.7752898840464,135.26688989560762,0.23076923076923078,0.5384615384615384,0.4,307.696,307.671,311.457,121.557,120.321,358.824,320.296,304.366,386.771,131.274,186.879,667815.0,666746.0,534442.0,19060.0,15680.8,2140.5,4040.0,12879.5,17435.9,6.2,3.9,156576.0,5.33,5.067619047619048,4.798095238095239,2.386190476190476,63.8,4.2,18.887727272727272,123.49714761904761,85.64,4.772380952380952,5.604761904761905,100.4689,1380.0,-0.8323809523809533,-0.3865937197501168,-0.5880317935823776,0.20143807383217194,0.13668493471667986,0.29561504352111356,0.22323473799072957,0.0708885450707759,0.33787974828459,0.301434440420558,0.0708885450707759,0.33787974828459,0.224659064130594,0.0448808219044583,0.226613575569523,0.16345456213358,2023-11-14,2023-11-14,2023-11-30,-0.026007723166317595,-0.111266172715067,-0.137979878286978,-0.026007723166317595,-0.111266172715067,-0.061204501997013994
2023-11-01,137.87,100.59,130.54,95.22,137.06133810517943,137.093047679059,0.9230769230769231,0.6153846153846154,0.9,308.148,307.051,312.392,121.636,120.525,360.383,306.714,304.332,388.525,130.099,189.444,666419.0,674963.0,534280.0,19136.3,15733.4,2130.4,4025.9,12980.1,17524.8,6.4,3.7,156703.0,5.33,4.882380952380952,4.502857142857143,2.3042857142857143,61.3,4.5,14.01909090909091,121.22211999999999,77.69,4.486190476190477,5.522857142857143,100.8639,1522.0,-1.0366666666666662,0.7571932791818448,0.5482743136828283,0.20891896549901645,0.14689823722116024,0.30020195404181216,0.16954646321092337,-0.00913471914003272,0.32899937716366,0.284152969240916,-0.00913471914003272,0.32899937716366,0.255682864976237,0.0968730800112949,0.284553498305828,0.0583236127312148,2023-12-12,2023-12-12,2023-12-22,0.10600779915132762,-0.04444587885783202,-0.22582935650970118,0.10600779915132762,-0.04444587885783202,-0.19735925224502218
2023-12-01,137.62,100.86,132.75,98.28,136.4465595875471,135.0732600732601,0.46153846153846156,0.38461538461538464,0.38,308.741,306.746,313.195,121.76,120.694,361.564,303.319,304.505,390.139,129.942,190.57,666963.0,728144.0,535945.0,19213.0,15780.4,2143.9,4031.9,13037.2,17589.4,6.6,3.8,156857.0,5.33,4.457,4.0200000000000005,2.1845,69.7,3.1,12.7185,119.83314,71.9,4.0045,5.442,100.6031,1504.0,-1.4375,-0.18149484092040424,0.268056750233292,-0.44955159115360743,0.1924399963653789,0.25704883607775564,0.14021987139596348,0.30120238809612,0.326876950609839,0.259278937955408,0.30120238809612,0.326876950609839,0.254515391144898,0.303003731525076,0.30904624805046,0.171540870028641,2024-01-11,2024-01-11,2024-01-26,0.0018013434289559926,-0.01783070255937902,-0.08773806792676703,0.0018013434289559926,-0.01783070255937902,-0.08297452111625703
2024-01-01,137.19,101.12,127.35,92.19,135.67049050632912,138.1386267491051,0.38461538461538464,0.3076923076923077,0.42,309.698,308.417,314.319,122.206,121.201,363.249,297.154,305.187,392.322,129.685,183.189,660602.0,603091.0,530096.0,19239.6,15744.7,2119.9,3989.6,13130.1,17679.6,7.2,3.7,157032.0,5.33,4.322857142857143,4.058095238095238,2.2661904761904763,79.0,2.9,13.388636363636364,120.22735714285714,74.15,3.9838095238095237,5.453809523809523,99.2223,1378.0,-1.4699999999999998,-0.3129437436260041,0.2574513749967977,-0.5703951186228018,0.30996854969052023,0.3588818467727739,0.42007059174440364,0.184063162266674,0.319354199704761,0.241151192579825,0.13100846500564,0.320186100133907,0.320239622723812,0.305433015268397,0.392389746143951,0.415599960102409,2024-02-13,2024-02-13,2024-02-29,0.12136985300172301,0.07303554643919002,0.174448767522584,0.174424550262757,0.07220364601004398,0.095360337378597
2024-02-01,139.76,103.75,130.58,96.06,134.70843373493975,135.93587341245058,0.9230769230769231,0.46153846153846156,0.96,310.967,310.326,315.564,122.613,121.57,363.596,303.183,305.432,394.078,130.309,185.254,664621.0,611376.0,533091.0,19373.5,15801.8,2128.0,3998.4,13247.0,17681.0,6.9,3.9,157238.0,5.33,4.544,4.2075000000000005,2.2824999999999998,76.9,3.0,13.980476190476189,121.06594,77.25,4.188000000000001,5.4405,100.285,1555.0,-1.2524999999999995,1.8559839487727992,2.5676228712260496,-0.7116389224533393,0.40975401843086345,0.39609441363710474,0.3044529335566537,0.43350625888289,0.317331665903592,0.234469913701794,0.43350625888289,0.317331665903592,0.29518037465926,0.442062095354956,0.358417239646602,0.261483338711943,2024-03-12,2024-03-12,2024-03-29,0.00855583647206598,0.04108557374300997,0.027013425010149,0.00855583647206598,0.04108557374300997,-0.03369703594731699
2024-03-01,138.78,102.4,142.69,106.33,135.52734375,134.19542932380327,0.46153846153846156,0.6923076923076923,0.18,312.345,312.332,316.792,123.093,122.016,364.546,313.054,305.01,395.827,130.956,184.6,664328.0,671159.0,534365.0,19513.7,15854.0,2136.5,4053.1,13324.1,17699.2,6.7,3.9,157466.0,5.33,4.588,4.2085,2.3114999999999997,79.4,2.9,13.7875,120.65883333333333,81.28,4.201,5.468500000000001,100.4575,1297.0,-1.267500000000001,-0.7036720354398618,-1.309744650540079,0.6060726151002171,0.4431338373525273,0.3891445158509699,0.3668668256971319,0.3414123189937,0.308245966490454,0.229161731169412,0.3414123189937,0.308245966490454,0.29614303760292,0.378069402740366,0.359038549902557,0.316750666083765,2024-04-10,2024-04-10,2024-04-26,0.036657083746665986,0.05079258341210302,0.08758893491435302,0.036657083746665986,0.05079258341210302,0.02060762848084502
2024-04-01,139.25,102.22,143.08,103.52,136.22578751711993,138.21483771251934,0.8461538461538461,0.5384615384615384,0.62,313.023,313.548,317.649,123.289,122.252,365.813,312.728,305.354,397.196,132.237,181.983,664858.0,664415.0,535804.0,19582.2,15884.2,2145.8,4059.2,13377.1,17747.2,6.7,3.9,157530.0,5.33,4.873181818181818,4.539090909090909,2.394090909090909,77.2,3.2,16.137727272727275,122.14281363636364,85.35,4.556818181818182,5.443636363636364,100.2434,1379.0,-0.8868181818181826,0.33809333359906546,-0.17593592652733747,0.5140292601264917,0.21706766556210955,0.27052450819466944,0.19341725675321442,0.41249502616939,0.311093554960553,0.232122585846795,0.41249502616939,0.311093554960553,0.22718315422018,0.312910354546325,0.291760604740166,0.249165337236668,2024-05-15,2024-05-15,2024-05-31,-0.099584671623065,-0.019332950220387002,0.017042751389873018,-0.099584671623065,-0.019332950220387002,0.021982183016487994
2024-05-01,139.91,102.7,150.11,108.9,136.23174294060368,137.84205693296602,0.6923076923076923,0.46153846153846156,0.74,313.175,314.069,318.095,123.369,122.406,367.099,305.909,305.414,398.689,132.027,180.577,667659.0,705583.0,536684.0,19689.0,15960.6,2165.6,4077.2,13446.1,17820.5,6.6,3.9,157608.0,5.33,4.856363636363636,4.482272727272727,2.334090909090909,69.1,3.3,13.058695652173913,121.8583409090909,80.02,4.499090909090909,5.455,100.863,1329.0,-0.955909090909091,0.4728479937800678,0.4684763594378971,0.004371634342170694,0.04855873210594108,0.14040654936740005,0.12596930929555938,0.0849008879271337,0.296432179693297,0.226688968357808,0.0849008879271337,0.296432179693297,0.103722454423309,0.00574699799176237,0.163086939821544,0.0828249032342798,2024-06-12,2024-06-12,2024-06-28,-0.07915388993537133,-0.13334523987175298,-0.1438640651235282,-0.07915388993537133,-0.13334523987175298,-0.02089755118902921
2024-06-01,139.65,103.12,142.91,106.58,135.42474786656322,134.0870707449803,0.5384615384615384,0.07692307692307693,0.48,313.044,314.175,318.39,123.504,122.667,368.616,294.143,305.582,399.699,131.956,177.965,666040.0,664197.0,539608.0,19775.3,16013.0,2166.5,4084.1,13524.8,17869.8,6.6,4.1,157695.0,5.33,4.7368421052631575,4.3052631578947365,2.255263157894737,68.2,3.0,12.667,123.70947894736841,79.77,4.316842105263158,5.5063157894736845,100.894,1318.0,-1.189473684210527,-0.18600663540082607,0.40812416964195464,-0.5941308050427807,-0.041829647960411886,0.09273959037392476,0.21322484191950153,0.0681915069361153,0.27992870798876,0.211973065931955,0.0681915069361153,0.27992870798876,-0.00882254613730744,-0.0561896400351314,0.0647513673225575,0.181815203682167,2024-07-11,2024-07-11,2024-07-26,-0.12438114697124669,-0.21517734066620253,-0.030157862249788003,-0.12438114697124669,-0.21517734066620253,0.19063774981947443
2024-07-01,139.57,102.65,147.07,107.94,135.96687773989282,136.25162127107652,0.38461538461538464,0.6153846153846154,0.44,313.569,314.54,318.94,123.701,122.872,369.383,294.025,306.285,401.139,131.569,175.308,673662.0,688322.0,542644.0,19863.6,16058.8,2182.3,4104.0,13577.3,17862.8,6.2,4.2,157748.0,5.33,4.495909090909091,4.248636363636364,2.2745454545454544,66.4,2.9,14.373913043478263,123.38243636363636,81.8,4.161818181818182,5.431818181818182,99.9757,1269.0,-1.2699999999999996,-0.057302487063282115,-0.45682151659898196,0.399519029535611,0.16770805381991494,0.17274411884795615,0.1671191110893755,0.237207807303367,0.269099296682507,0.21666216113259,0.237207807303367,0.269099296682507,0.133185062147376,0.15492782280091,0.165229027536085,0.161129377893388,2024-08-14,2024-08-14,2024-08-30,-0.082279984502457,-0.10387026914642197,-0.055532783239201994,-0.082279984502457,-0.10387026914642197,0.027944315746012
2024-08-01,140.39,103.33,147.7,109.35,135.86567308622855,135.07087334247828,0.7692307692307693,0.3076923076923077,0.8,314.062,314.796,319.75,123.891,123.135,370.348,290.263,306.399,402.895,131.415,174.703,670668.0,694625.0,540553.0,19909.6,16071.4,2170.0,4081.9,13657.7,17865.2,6.2,4.2,157757.0,5.33,3.9654545454545453,3.8709090909090906,2.11,67.9,2.8,19.312272727272727,122.61374090909091,76.68,3.7122727272727274,5.295454545454546,100.4309,1394.0,-1.5831818181818185,0.5857996463306314,0.6602606761321184,-0.07446102980139813,0.1572221743858515,0.25396626324700744,0.21404388306531796,0.204545921378092,0.263944041823781,0.215860131006372,0.204545921378092,0.263944041823781,0.239368271071744,0.187220524727771,0.280990491482469,0.130396159833079,2024-09-11,2024-09-11,2024-09-27,-0.017325396650320984,0.017046449658688012,-0.08546397117329299,-0.017325396650320984,0.017046449658688012,-0.10897211123866499
2024-09-01,140.2,103.46,136.41,102.18,135.51130871834525,133.49970640046976,0.38461538461538464,0.5384615384615384,0.28,314.732,315.301,320.732,124.146,123.462,371.604,282.057,307.258,403.956,132.539,175.834,676005.0,646460.0,545953.0,20066.9,16165.2,2207.5,4129.9,13729.5,17875.4,5.7,4.1,157912.0,5.13,3.6225,3.7235,2.1075,70.1,2.7,17.663333333333334,121.88485499999999,70.24,3.497,4.922,99.8084,1357.0,-1.4249999999999998,-0.1354289383369789,0.12573143491056982,-0.2611603732475487,0.2133336729690294,0.30711493354182995,0.2655621878426162,0.106226733277263,0.268181745242148,0.220577743398307,0.106226733277263,0.268181745242148,0.263682395819057,0.17986699392909,0.312414000150119,0.253844276299731,2024-10-10,2024-10-10,2024-10-31,0.07364026065182701,0.044232254907971,0.033266532901424006,0.07364026065182701,0.044232254907971,-0.009838119519326005
2024-10-01,141.26,103.76,143.62,105.67,136.14109483423283,135.9136935743352,0.6153846153846154,0.5384615384615384,0.74,315.631,315.664,321.731,124.482,123.816,372.486,281.588,307.867,405.721,131.741,177.734,681808.0,691772.0,548722.0,20146.1,16185.1,2209.6,4119.1,13817.4,17914.4,5.8,4.1,157945.0,4.83,3.972272727272727,4.095454545454545,2.2859090909090907,70.5,2.7,19.960869565217394,123.5952909090909,71.99,3.9104545454545456,4.718181818181818,99.4695,1370.0,-0.8077272727272722,0.753218938028688,0.28954754328189836,0.4636713947467008,0.2856398459641696,0.3114750009353573,0.2867279000826173,0.181834466651695,0.267627600651184,0.218319835408507,0.181834466651695,0.267627600651184,0.240390465457519,0.244052801840566,0.280265738059082,0.272671941570302,2024-11-13,2024-11-13,2024-11-27,0.06221833518887099,0.012638137407897987,0.054352106161795005,0.06221833518887099,0.012638137407897987,0.03228147611278301
2024-11-01,141.27,103.92,132.44,99.52,135.94110854503464,133.07877813504822,0.46153846153846156,0.5384615384615384,0.46,316.528,315.493,322.657,124.666,123.989,373.53,281.939,309.093,407.114,131.692,179.904,685709.0,694948.0,549048.0,20251.8,16246.1,2243.1,4119.4,13889.3,17955.4,5.7,4.2,158079.0,4.64,4.2573684210526315,4.35578947368421,2.3210526315789473,71.8,2.6,16.015238095238097,126.31133684210526,69.95,4.228421052631579,4.62,99.2925,1300.0,-0.391578947368421,0.007078894279644032,0.15408323541556967,-0.14700434113592564,0.28419261732848256,0.28781808405158316,0.1397234606189901,0.262867727953183,0.270970889092194,0.230138851959781,0.262867727953183,0.270970889092194,0.262745914136247,0.312882385387403,0.308083540069504,0.114926713986252,2024-12-11,2024-12-11,2024-12-20,0.05001465743422001,0.03711265097730998,-0.11521213797352901,0.05001465743422001,0.03711265097730998,-0.147819200149995
2024-12-01,141.32,103.68,137.33,99.83,136.30401234567898,137.56385855955125,0.6153846153846154,0.7692307692307693,0.56,317.604,315.605,323.259,124.984,124.198,374.644,293.155,309.767,408.165,131.568,181.705,691794.0,754951.0,554418.0,20458.7,16370.1,2292.5,4177.5,13988.6,17963.9,5.1,4.1,158316.0,4.48,4.225714285714285,4.3914285714285715,2.3033333333333332,74.0,2.8,15.866190476190477,127.57578095238097,70.12,4.251428571428572,4.39095238095238,100.3273,1494.0,-0.1395238095238085,0.03538695673714898,-0.23121397583798498,0.26660093257513395,0.3399383308901438,0.18657583749928097,0.1685633402963127,0.376718364108857,0.270980023816667,0.231887311446923,0.376718364108857,0.270980023816667,0.189357343292419,0.3931222565976,0.225006740904421,0.156018851604234,2025-01-15,2025-01-15,2025-01-31,0.016403892488742966,-0.04597328291224603,-0.075868459842689,0.016403892488742966,-0.04597328291224603,-0.03333849168818498
2025-01-01,141.65,104.08,131.93,95.07,136.09723289777097,138.77143157673294,0.6923076923076923,0.46153846153846156,0.58,318.961,317.671,324.638,125.423,124.609,375.532,296.78,310.817,409.579,130.436,184.891,687058.0,629000.0,552379.0,20400.4,16266.3,2200.1,4164.2,14036.0,17955.6,5.7,4.0,158268.0,4.33,4.271904761904762,4.629047619047618,2.40047619047619,71.7,3.3,16.763636363636365,128.83695238095237,75.74,4.429047619047619,4.342857142857143,100.0647,1353.0,0.0861904761904757,0.2332403785580972,0.3850601600285941,-0.1518197814704081,0.42726162139017365,0.4265929177532435,0.33092320327219316,0.242424629147151,0.266786165481588,0.229990745365645,0.242424629147151,0.266786165481588,0.367485700514298,0.466935136003133,0.446340195981376,0.284721045966729,2025-02-12,2025-02-12,2025-02-28,0.22451050685598203,0.17955403049978796,0.05473030060108397,0.22451050685598203,0.17955403049978796,-0.08276465454756904
2025-02-01,141.28,102.89,128.49,92.62,137.31169209835747,138.72813647160442,0.46153846153846156,0.6923076923076923,0.42,319.679,319.082,325.465,125.77,125.002,376.991,293.232,310.955,410.793,131.095,186.557,683772.0,605151.0,552482.0,20437.9,16251.3,2198.3,4198.4,14041.3,17957.4,5.7,4.2,158310.0,4.33,4.21,4.451052631578947,2.4242105263157896,64.7,4.3,16.968,127.87583157894737,71.53,4.280526315789474,4.332105263157895,101.0993,1491.0,-0.05157894736842117,-0.26154894208758606,-1.1499377816531542,0.8883888395655681,0.22510589068882592,0.2547452855180321,0.315386529062911,0.230486984684081,0.270334969679681,0.217961646867522,0.230486984684081,0.270334969679681,0.190254889258157,0.215929247914337,0.226643550666861,0.365098512263784,2025-03-12,2025-03-12,2025-03-28,-0.014557736769743979,-0.043691419012820004,0.14713686539626197,-0.014557736769743979,-0.043691419012820004,0.17484362300562697
2025-03-01,142.29,104.0,146.7,107.87,136.81730769230768,135.9970334662093,0.7692307692307693,0.3076923076923077,0.72,319.785,319.799,325.69,125.869,125.144,378.363,282.129,312.154,411.639,131.388,185.728,694750.0,698449.0,555489.0,20594.0,16362.3,2274.8,4187.8,14131.4,18073.0,5.7,4.2,158377.0,4.33,3.97,4.2804761904761905,2.3342857142857145,57.0,5.0,21.841428571428573,126.24304285714285,68.24,4.043333333333333,4.335714285714285,101.0404,1346.0,-0.2923809523809524,0.7123491701950257,1.0730442753653868,-0.3606951051703611,0.03315826188146076,0.06913185749619633,0.11359818242908659,0.0281482293168166,0.258315422571535,0.229510476165579,0.0281482293168166,0.258315422571535,0.0985617655876033,-0.0500351809866184,0.0565327598125664,0.0279961925178318,2025-04-10,2025-04-10,2025-04-30,-0.078183410303435,-0.2017826627589686,-0.2015142836477472,-0.078183410303435,-0.2017826627589686,-0.07056557306977149
2025-04-01,142.29,104.35,146.01,105.84,136.35840919980834,137.953514739229,0.3076923076923077,0.23076923076923078,0.56,320.302,320.795,326.467,126.163,125.524,380.039,275.454,311.44,413.04,131.201,184.8,695464.0,696120.0,556835.0,20654.2,16372.0,2286.6,4174.6,14193.0,18190.1,6.2,4.2,158485.0,4.33,3.7776190476190474,4.279047619047619,2.2409523809523813,52.2,6.5,31.966190476190473,124.14020000000001,63.54,3.9133333333333336,4.322380952380952,101.1279,1400.0,-0.4090476190476182,0.0,0.33597343818367875,-0.33597343818376757,0.16167112278562268,0.23857041972428217,0.30365019497538004,0.217748780874516,0.231151429771193,0.217902973574304,0.217748780874516,0.231151429771193,0.208091120801118,0.22089075919467,0.23675071163396,0.115929514854973,2025-05-13,2025-05-13,2025-05-30,0.003141978320154004,0.005599281862767008,-0.10197345871933099,0.003141978320154004,0.005599281862767008,-0.09216160594614499
2025-05-01,142.83,104.52,151.84,111.35,136.6532721010333,136.36281993713516,0.6923076923076923,0.6153846153846154,0.58,320.62,321.465,326.893,126.408,125.818,381.228,269.584,312.296,414.109,130.782,183.664,685488.0,723761.0,553715.0,20666.1,16349.6,2241.1,4177.0,14248.0,18072.0,5.7,4.3,158498.0,4.33,3.9199999999999995,4.423809523809524,2.3133333333333335,52.2,6.6,20.46227272727273,122.3421619047619,62.17,4.023333333333333,4.361428571428571,100.9655,1289.0,-0.3380952380952378,0.3787883316937801,0.16278071292026297,0.21600761877351715,0.09928130327003792,0.13048792067804627,0.23421815748383423,0.125107011900039,0.228939892644105,0.207876860418615,0.125107011900039,0.228939892644105,0.141588733366265,0.0808563909328264,0.129890022363144,0.178788072281466,2025-06-11,2025-06-11,2025-06-27,-0.044250620967212606,-0.09904987028096099,-0.02908878813714899,-0.044250620967212606,-0.09904987028096099,0.037199338915201
2025-06-01,141.72,103.93,146.21,106.91,136.3610122197633,136.7598914975213,0.3076923076923077,0.6153846153846154,0.22,321.435,322.561,327.658,126.73,126.133,382.75,269.865,312.982,414.981,131.214,182.833,691883.0,688978.0,559009.0,20799.4,16413.3,2251.2,4216.7,14331.5,18088.6,5.5,4.1,158478.0,4.33,3.8890000000000002,4.3835,2.2969999999999997,60.7,5.0,18.403333333333336,120.59387,68.17,3.963,4.421,101.4785,1379.0,-0.4580000000000002,-0.7801831877266352,-0.566084505208142,-0.21409868251840436,0.2541949971929469,0.23402152998077685,0.25036163347056384,0.253572688447588,0.22777293618119,0.220490831259508,0.253572688447588,0.22777293618119,0.205386844765585,0.286979849023639,0.228236460315623,0.25634901679803,2025-07-15,2025-07-15,2025-07-31,0.033407160576050976,0.0004635241344330132,0.03585818553852202,0.033407160576050976,0.0004635241344330132,0.05096217203244502
2025-07-01,142.97,104.29,151.01,110.1,137.08888675807842,137.15712988192553,1.0,0.6153846153846154,0.88,322.169,323.048,328.682,126.906,126.363,383.808,266.542,313.035,415.931,131.354,183.746,698280.0,715687.0,562188.0,20927.2,16491.2,2275.0,4225.0,14427.1,18144.4,5.3,4.3,158542.0,4.33,3.8822727272727273,4.391818181818182,2.3836363636363633,61.7,4.5,16.381304347826084,120.11269090909092,68.39,3.9486363636363637,4.412272727272728,101.894,1432.0,-0.4636363636363643,0.878153804380144,0.34578845327910557,0.5323653511010384,0.22835098853577485,0.3125209822436803,0.18234720493448542,0.160147286570225,0.239194326880425,0.229894005709499,0.160147286570225,0.239194326880425,0.262696560872262,0.196578538102643,0.322344322344326,0.273213193655741,2025-08-12,2025-08-12,2025-08-29,0.036431251532417996,0.08314999546390098,0.04331918794624198,0.036431251532417996,0.08314999546390098,0.010516632783478974
2025-08-01,143.09,104.29,148.65,110.78,137.20395052258127,134.18487091532768,0.46153846153846156,0.3076923076923077,0.54,323.291,323.976,329.7,127.229,126.646,384.909,270.922,314.647,417.555,131.694,185.259,700218.0,715547.0,563586.0,21029.5,16529.7,2276.3,4255.8,14497.4,18174.0,5.2,4.3,158472.0,4.33,3.703809523809524,4.2647619047619045,2.381904761904762,58.2,4.8,15.75,120.57584285714286,64.86,3.7861904761904763,4.3047619047619055,101.6247,1291.0,-0.5185714285714291,0.08389848775713915,0.0,0.08389848775705033,0.3482644202266627,0.3097218588179462,0.2239579623782184,0.304575877139972,0.250611796561466,0.236716499705046,0.304575877139972,0.250611796561466,0.278452248352303,0.382451914122162,0.345954432598217,0.22702463256814,2025-09-11,2025-09-11,2025-09-26,0.07787603698219003,0.09534263603675103,-0.00969186713690598,0.07787603698219003,0.09534263603675103,-0.05142761578416297
2025-09-01,142.86,103.95,140.6,102.77,137.43145743145743,136.81035321591904,0.46153846153846156,0.3076923076923077,0.42,324.245,324.8,330.418,127.601,126.94,385.451,280.658,315.54,418.422,132.411,184.869,701453.0,680630.0,564947.0,21126.5,16557.6,2280.3,4269.1,14577.0,18192.7,5.1,4.4,158548.0,4.22,3.5685714285714285,4.12047619047619,2.3714285714285714,55.1,4.7,15.789090909090909,120.0290619047619,63.96,3.662380952380952,4.065714285714286,101.668,1319.0,-0.40333333333333377,-0.16086731918178998,-0.32654658290995897,0.1656792637282578,0.2950901819104068,0.2177737336973129,0.23214313914374785,0.375968450928606,0.255768649006923,0.238968045587719,0.375968450928606,0.255768649006923,0.218714992481277,0.310486015759337,0.227112158232567,0.198101071008572,2025-10-24,2025-10-24,2025-12-05,-0.065482435169269,-0.028656490774355975,-0.04086697457914701,-0.065482435169269,-0.028656490774355975,-0.020613921472704994
2025-10-01,143.09,103.84,145.74,106.09,137.79853620955316,137.37392779715336,0.6153846153846154,0.6153846153846154,0.52,,,,127.79,127.165,,276.991,,,,186.111,700790.0,712145.0,566312.0,21196.4,16587.7,2282.8,4268.5,14645.1,18168.4,4.9,,158408.0,4.09,3.5213636363636365,4.0618181818181816,2.305,53.6,4.6,18.086521739130436,120.7618,60.89,3.6486363636363635,3.977727272727273,101.2195,1273.0,-0.32909090909090954,0.16086731918178998,-0.10587613482417879,0.26674345400587995,,,0.1772490940601834,,,0.234318371802604,,,0.227499544927549,,,0.207949336,,,2026-01-22,,,-0.026369035802603996,,,-0.019550208927548995
2025-11-01,142.31,103.0,131.42,98.27,138.16504854368932,133.73359112648825,0.3076923076923077,0.5384615384615384,0.24,325.063,324.122,331.043,128.045,127.363,387.202,284.56,315.0,419.431,131.883,186.298,705453.0,704758.0,569217.0,21274.2,16615.4,2298.2,4282.8,14693.2,18201.5,4.9,4.5,158449.0,3.88,3.55,4.0938888888888885,2.266111111111111,51.0,4.5,19.7695,121.41771666666666,60.06,3.673333333333334,3.9372222222222226,101.0344,1319.0,-0.26388888888888884,-0.546602622307546,-0.8122264726144302,0.265623850306973,,,0.15570322022568917,0.321542190082161,0.247317052243088,0.227138005797017,0.321542190082161,0.247317052243088,0.0516121511633146,0.0211040487848813,-0.0893891793114721,0.160354667,2025-12-18,2025-12-18,2026-01-22,-0.3004381412972797,-0.3367062315545601,-0.066783338797017,-0.3004381412972797,-0.3367062315545601,0.1087425158366854
2025-12-01,143.27,102.82,140.82,99.26,139.34059521493876,141.86983679226273,0.8461538461538461,0.8461538461538461,0.82,326.031,324.054,331.814,128.455,127.765,389.889,283.599,316.982,421.039,132.317,184.668,706264.0,780707.0,570500.0,21336.0,16610.6,2300.3,4285.7,14750.1,18208.6,5.0,4.4,158432.0,3.72,3.5009090909090905,4.1431818181818185,2.244090909090909,52.9,4.2,15.548181818181819,120.18832272727272,57.97,3.7018181818181817,3.6795454545454547,101.4941,1378.0,0.022272727272727,0.672318520971249,-0.17491016022770367,0.8472286811989527,0.297788428704604,0.2329002576704653,0.31563326868870867,0.204578066144145,0.215750382490006,0.222342364803294,0.204578066144145,0.215750382490006,0.233256262280197,0.307355298417678,0.239225778389951,0.355391676146399,2026-01-13,2026-01-13,2026-02-20,0.102777232273533,0.02347539589994499,0.133049311343105,0.102777232273533,0.02347539589994499,0.122135413866202
2026-01-01,142.66,101.91,131.54,93.14,139.9862623883819,141.2282585355379,0.38461538461538464,0.8461538461538461,0.3,326.588,325.252,332.793,128.845,128.27,390.471,274.547,317.589,421.965,132.723,181.269,701860.0,640890.0,567038.0,21383.1,16596.8,2281.9,4275.8,14825.4,18322.5,5.6,4.3,158592.0,3.64,3.537,4.2135,2.3064999999999998,56.4,4.0,16.17904761904762,119.22981,60.04,3.781,3.6655,101.0388,1385.0,0.11549999999999994,-0.4266785055389022,-0.8889815786756294,0.46230307313672725,0.170842649932057,0.2950448142634121,0.39525691699604515,0.134978853983875,0.218198776570535,0.233641914358104,0.134978853983875,0.218198776570535,0.270732531615342,0.170842649932057,0.295044814263412,0.36348286940413,2026-02-13,2026-02-13,2026-03-13,0.03586379594818201,0.07684603769287701,0.129840955046026,0.03586379594818201,0.07684603769287701,0.092750337788788
2026-02-01,142.91,101.83,129.8,91.61,140.34174604733377,141.68758869119094,0.46153846153846156,0.46153846153846156,0.52,327.46,326.785,333.512,129.293,128.701,391.706,276.754,318.985,422.942,134.419,180.589,707959.0,625789.0,571370.0,21502.0,16631.3,2338.7,4307.5,14855.8,18284.8,5.3,4.4,158436.0,3.64,3.4715789473684215,4.12578947368421,2.3010526315789472,56.6,3.4,19.207,117.90602105263157,64.51,3.681578947368421,3.687894736842105,101.9053,1346.0,-0.0063157894736840525,0.17508846438110126,-0.07853146570289127,0.2536199300839037,0.26700307420970404,0.21605021740240815,0.33600997895064655,0.248613384458881,0.207033634112613,0.24273805328582,0.248613384458881,0.207033634112613,0.231658387470621,0.267003074209704,0.216050217402408,0.366856715580899,2026-03-11,2026-03-11,2026-04-09,0.018389689750822974,0.009016583289795016,0.12411866229507901,0.018389689750822974,0.009016583289795016,0.135198328110278
2026-03-01,143.85,102.38,149.58,105.87,140.50595819495996,141.28648342306602,0.8461538461538461,0.6153846153846154,0.68,330.293,330.213,334.165,130.105,129.03,392.652,335.5,318.462,424.069,135.804,179.83,719700.0,727278.0,582401.0,21692.9,16674.3,2369.9,4413.3,14909.7,18301.6,5.1,4.3,158650.0,3.64,3.7145454545454544,4.245909090909091,2.3368181818181815,53.3,3.8,25.596818181818183,119.91985454545456,91.38,3.848181818181818,3.7190909090909092,101.7336,1522.0,0.12909090909090892,0.6556028503854172,0.5386624845863608,0.11694036579905642,0.8651438343614481,0.19579505385114437,0.25563126937631075,0.844071623167513,0.203809045102978,0.233166699002895,0.844071623167513,0.203809045102978,0.230240663398332,0.865143834361448,0.195795053851144,0.293248306840121,2026-04-10,2026-04-10,2026-04-30,0.021072211193934987,-0.008013991251833996,0.06008160783722599,0.021072211193934987,-0.008013991251833996,0.063007643441789
2026-04-01,143.83,102.3,148.03,103.99,140.59628543499514,142.35022598326762,0.46153846153846156,0.7692307692307693,0.46,332.407,333.02,335.423,130.672,129.395,393.546,353.74,320.633,426.642,136.67,179.822,723921.0,722302.0,587764.0,21856.9,16727.4,2370.0,4463.9,15022.9,18231.9,4.4,4.3,158798.0,3.64,3.799090909090909,4.319090909090909,2.3822727272727273,49.8,4.7,19.811904761904763,119.03631818181817,100.32,3.9354545454545455,3.6963636363636367,102.5783,1414.0,0.2390909090909088,-0.013904338175940723,-0.07817080718561797,0.06426646900976607,0.6400377846336402,0.376460730477457,0.2828799503991286,0.448127134166122,0.21436431146589,0.26308390559774,0.448127134166122,0.21436431146589,0.29471945306219,0.64003778463364,0.376460730477457,0.238940311318347,2026-05-12,2026-05-12,2026-05-28,0.19191065046751804,0.162096419011567,-0.02414359427939297,0.19191065046751804,0.162096419011567,-0.05577914174384299
2026-05-01,143.73,101.94,150.71,108.43,140.99470276633312,138.99289864428664,0.46153846153846156,0.6923076923076923,0.48,333.979,335.123,336.121,131.241,129.796,394.728,378.66,320.836,427.998,137.069,180.005,731415.0,760550.0,593513.0,22027.2,16784.6,2390.1,4486.3,15150.8,18292.8,4.4,4.3,158861.0,3.63,3.995,4.484,2.445,44.8,4.8,17.237142857142857,118.77918500000001,102.13,4.1450000000000005,3.6855,102.6396,1182.0,0.45950000000000024,-0.0695507052657085,-0.35252680456849816,0.28297609930278966,0.47291422864139676,0.20809544962627768,0.30990378299005084,0.459027462852829,0.225855170695322,0.270079459029302,0.459027462852829,0.225855170695322,0.236651206096291,0.472914228641397,0.208095449626278,0.320050591129584,2026-06-10,2026-06-10,2026-06-25,0.013886765788567956,-0.017759721069044,0.04997113210028198,0.013886765788567956,-0.017759721069044,0.083399385033293
2026-06-01,144.88,102.53,151.39,105.34,141.3049839071491,143.71558762103663,0.7692307692307693,0.5384615384615384,0.74,332.568,333.952,336.065,131.106,129.969,395.633,341.98,321.446,428.501,136.313,179.591,732898.0,741344.0,591943.0,22095.5,16854.0,2412.2,4461.6,15221.6,18358.4,4.4,4.2,158892.0,3.63,4.112857142857143,4.47047619047619,2.2914285714285714,49.5,4.6,17.90681818181818,120.08344761904762,84.81,4.21,3.810952380952381,102.842,1439.0,0.3990476190476189,0.7969274012016747,0.5771033770104239,0.2198240241912508,-0.42248165303806484,-0.016660666843182348,0.13328607969429473,-0.0612913952296244,0.232322464774341,0.280013867193481,-0.0612913952296244,0.232322464774341,0.187030847713643,-0.422481653038065,-0.0166606668431823,0.132212092794437,2026-07-14,2026-07-14,2026-07-30,-0.3611902578084406,-0.24898313161752328,-0.147801774399044,-0.3611902578084406,-0.24898313161752328,-0.054818754919206014
2026-07-01,145.19,102.64,153.66,108.3,141.4555728760717,141.8836565096953,0.6153846153846154,0.46153846153846156,0.6,332.813,333.918,336.789,131.172,130.133,396.859,332.215,321.216,429.095,136.434,180.306,729538.0,749213.0,591004.0,22117.7,16862.5,2395.6,4439.9,15282.2,18415.4,4.6,4.1,158882.0,3.63,4.222727272727273,4.599545454545455,2.2463636363636366,55.2,4.2,17.09086956521739,120.59704545454544,80.46,4.330909090909091,3.8668181818181817,103.0454,1309.0,0.46409090909090933,0.2137415920438812,0.10722816253805334,0.10651342950573905,0.07366914435544825,0.2154345141564873,0.1261839361694106,0.0865130552949185,0.211432281705678,0.269874877191236,0.0865130552949185,0.211432281705678,0.247223944856928,0.0736691443554482,0.215434514156487,0.245515505838667,2026-08-12,2026-08-12,2026-08-26,-0.012843910939470293,0.0040022324508090235,-0.024359371352568993,-0.012843910939470293,0.0040022324508090235,-0.0017084390182610099
2026-08-01,144.92,102.45,149.78,107.54,141.4543679843826,139.27840803421984,0.38461538461538464,0.46153846153846156,0.36,334.131,334.98,337.765,131.579,130.455,397.868,345.169,321.335,430.227,136.457,180.965,737763.0,749355.0,598585.0,22308.5,16955.3,2443.6,4506.1,15358.9,18410.5,4.1,4.1,159015.0,3.63,4.2161904761904765,4.684285714285714,2.2871428571428574,51.7,4.0,15.229523809523808,118.85122857142856,83.9,4.384285714285714,3.8766666666666665,103.0682,1275.0,0.5076190476190479,-0.1861363468719901,-0.18528456224720102,-0.0008517846247890759,0.3960181843858157,0.2897956881014574,0.24743915839948727,0.359180537639179,0.203341742698412,0.274534658779718,0.359180537639179,0.203341742698412,0.274409309156788,0.396018184385816,0.289795688101457,0.247439158399487,2026-09-11,2026-09-11,2026-09-30,0.036837646746636976,0.08645394540304502,-0.027095500380231008,0.036837646746636976,0.08645394540304502,-0.026970150757301026
