date,cpi_sa,cpi_nsa,core_cpi_sa,pce_price_idx,core_pce_price_idx,cpi_food_away_sa,cpi_gasoline_sa,cpi_food_at_home_sa,cpi_shelter_sa,cpi_apparel_sa,cpi_used_vehicles_sa,cpi_food_away_nsa,cpi_gasoline_nsa,cpi_food_at_home_nsa,retail_sales_sa,retail_sales_nsa,retail_sales_ex_auto_sa,real_retail_food_sales,pce_nominal,real_pce,pce_durable_goods,pce_nondurable_goods,pce_services,real_disposable_income,savings_rate,unemployment,nonfarm_payrolls,fed_funds,treasury_2y,treasury_10y,breakeven_10y,consumer_sentiment,inflation_expect_1y,vix,dollar_index,wti_oil,commercial_loans,cc_delinquency_rate
2015-01-01,234.747,233.707,239.811,96.654,96.214,253.037,199.553,242.553,274.762,126.129,144.875,253.037,185.142,243.123,428208.0,391738.0,341152.0,182413.0,12066.7,12484.7,1280.2,2587.0,8199.5,13797.7,6.3,5.7,140568.0,0.11,0.47,1.68,1.65,98.1,2.5,20.97,105.5884,47.79,1791.5675,2.11
2015-02-01,235.342,234.722,240.172,96.825,96.324,253.719,206.901,242.598,275.47,125.96,147.264,253.719,194.883,242.906,427119.0,381513.0,341440.0,181489.0,12116.6,12514.1,1283.8,2604.6,8228.3,13848.0,6.4,5.5,140827.0,0.11,0.63,2.0,1.83,95.4,2.8,13.34,105.5981,49.84,1807.9295,
2015-03-01,235.976,236.119,240.755,97.008,96.47,254.108,214.684,241.633,276.258,126.626,147.694,254.108,215.442,241.588,433647.0,438118.0,343998.0,183767.0,12176.1,12551.8,1309.2,2625.7,8241.2,13811.3,5.9,5.4,140923.0,0.11,0.56,1.94,1.76,93.0,3.0,15.29,107.4396,47.72,1833.4666,
2015-04-01,236.222,236.599,241.346,97.094,96.648,254.727,211.577,241.106,277.003,126.39,148.404,254.727,215.461,241.305,434470.0,431604.0,344264.0,183924.0,12209.1,12574.8,1315.9,2617.4,8275.8,13842.0,5.9,5.4,141196.0,0.12,0.58,2.05,1.94,95.9,2.6,14.55,105.312,59.62,1847.8935,2.12
2015-05-01,237.001,237.805,241.688,97.327,96.766,255.322,225.281,241.107,277.524,125.831,149.29,255.322,238.17,241.019,437865.0,456436.0,346941.0,184752.0,12275.4,12612.7,1319.6,2649.4,8306.5,13865.6,5.8,5.6,141538.0,0.12,0.61,2.12,1.8,90.7,2.8,13.84,106.7388,60.25,1863.5024,
2015-06-01,237.657,238.638,242.064,97.516,96.882,255.846,230.871,241.922,278.284,125.51,149.48,255.846,244.226,241.494,437951.0,441657.0,347187.0,184279.0,12307.9,12621.6,1317.8,2656.7,8333.4,13874.1,5.7,5.3,141709.0,0.13,0.64,2.35,1.87,96.1,2.7,18.23,106.5191,59.48,1880.1388,
2015-07-01,238.034,238.654,242.565,97.605,96.978,255.905,231.775,242.25,279.329,125.689,149.078,255.905,243.736,241.993,441942.0,451579.0,350764.0,185663.0,12364.9,12668.4,1324.7,2676.5,8363.7,13905.7,5.6,5.2,141991.0,0.13,0.67,2.2,1.74,93.1,2.8,12.12,108.7819,47.11,1889.5119,2.15
2015-08-01,238.033,238.316,242.817,97.612,97.056,256.449,225.725,242.864,279.921,126.166,148.295,256.449,230.513,242.746,441849.0,449793.0,350017.0,185625.0,12396.2,12699.7,1330.9,2672.5,8392.8,13935.8,5.6,5.1,142125.0,0.14,0.74,2.21,1.63,91.9,2.8,28.43,110.5621,49.2,1903.4148,
2015-09-01,237.498,237.945,243.316,97.477,97.196,257.83,201.935,243.198,280.737,126.011,147.554,257.83,207.239,243.432,439867.0,424822.0,347614.0,185209.0,12386.4,12707.2,1325.1,2651.1,8410.2,13972.2,5.8,5.0,142275.0,0.14,0.64,2.06,1.41,87.2,2.8,24.5,111.3311,45.06,1915.3652,
2015-10-01,237.733,237.838,243.768,97.477,97.228,258.363,199.315,243.284,281.429,125.323,146.397,258.363,199.077,243.779,438693.0,438395.0,347256.0,184532.0,12394.9,12715.9,1317.5,2637.2,8440.2,13996.9,5.8,5.0,142579.0,0.12,0.75,2.16,1.53,90.0,2.7,15.07,110.2079,46.6,1930.1898,2.16
2015-11-01,238.017,237.336,244.241,97.538,97.332,258.805,198.984,242.606,282.129,125.724,144.85,258.805,190.701,242.24,440303.0,437204.0,347778.0,184988.0,12423.2,12737.0,1332.1,2649.4,8441.7,13993.4,5.6,5.1,142808.0,0.12,0.94,2.21,1.59,91.3,2.7,16.13,112.34,40.43,1946.3805,
2015-12-01,237.761,236.525,244.547,97.456,97.396,259.097,190.765,241.88,282.779,126.042,143.955,259.097,179.496,241.375,442149.0,506151.0,349931.0,185964.0,12452.0,12777.3,1332.8,2644.6,8474.6,14060.2,5.8,5.0,143077.0,0.24,1.06,2.27,1.54,92.6,2.6,18.21,113.3429,37.13,1952.877,
2016-01-01,237.652,236.916,244.955,97.496,97.567,259.958,181.445,241.558,283.714,124.999,144.638,259.958,171.574,242.017,439466.0,395277.0,347668.0,184920.0,12478.0,12798.7,1329.7,2630.2,8518.0,14121.1,6.1,4.8,143210.0,0.34,0.76,1.94,1.41,92.0,2.5,20.2,115.5731,33.66,1963.8522,2.15
2016-02-01,237.336,237.111,245.51,97.445,97.736,260.319,162.727,241.741,284.502,125.898,143.979,260.319,154.564,242.062,443117.0,407556.0,349404.0,186705.0,12554.5,12884.0,1353.1,2631.0,8570.5,14135.3,5.6,4.9,143406.0,0.38,0.78,1.74,1.42,91.7,2.5,20.55,114.2418,32.74,1987.1485,
2016-03-01,238.08,238.132,245.913,97.673,97.876,260.883,175.164,240.414,285.122,125.843,143.659,260.883,170.356,240.329,441856.0,452445.0,349791.0,185591.0,12537.0,12836.1,1333.2,2637.4,8566.4,14135.4,5.9,5.0,143662.0,0.36,0.73,1.78,1.62,91.0,2.7,13.95,109.9191,36.94,2017.6484,
2016-04-01,238.992,239.261,246.551,97.993,98.117,261.517,184.762,240.341,285.853,125.782,145.475,261.517,185.808,240.635,444254.0,443027.0,351766.0,185887.0,12611.5,12870.2,1339.2,2660.0,8612.3,14106.2,5.5,5.1,143854.0,0.37,0.77,1.83,1.71,89.0,2.8,15.7,108.8274,45.98,2033.3866,2.21
2016-05-01,239.557,240.229,247.137,98.153,98.284,262.074,187.627,239.348,286.855,126.707,146.416,262.074,198.011,239.354,445490.0,461576.0,352784.0,185964.0,12652.7,12891.2,1340.2,2672.3,8640.2,14095.5,5.3,4.8,143900.0,0.37,0.87,1.84,1.54,94.7,2.4,14.19,112.4276,49.1,2048.0749,
2016-06-01,240.222,241.018,247.54,98.325,98.386,262.529,196.44,238.763,287.819,126.276,144.887,262.529,206.681,238.43,450237.0,456090.0,356783.0,187425.0,12731.2,12948.6,1358.2,2701.5,8671.5,14104.9,4.9,4.9,144147.0,0.38,0.58,1.49,1.4,93.5,2.6,15.63,112.1618,48.27,2050.748,
2016-07-01,240.101,240.628,247.829,98.342,98.529,263.051,185.486,238.38,288.524,125.881,143.27,263.051,195.243,238.207,449789.0,454087.0,355106.0,187333.0,12756.7,12972.2,1365.6,2676.4,8714.7,14160.1,5.1,4.8,144520.0,0.39,0.67,1.46,1.49,90.0,2.7,11.87,111.874,41.54,2057.7682,2.29
2016-08-01,240.545,240.849,248.423,98.479,98.703,263.649,183.715,238.133,289.367,126.148,142.803,263.649,189.375,238.088,449946.0,463126.0,354876.0,187053.0,12788.1,12986.1,1363.4,2682.2,8742.5,14176.7,5.1,4.9,144661.0,0.4,0.8,1.58,1.47,89.8,2.5,13.42,112.4036,44.68,2051.3578,
2016-09-01,241.176,241.428,248.842,98.666,98.834,264.102,189.766,237.88,290.369,125.914,144.851,264.102,193.817,238.12,453056.0,440295.0,357222.0,187853.0,12846.6,13020.9,1369.9,2694.8,8781.9,14209.1,5.1,5.0,144967.0,0.4,0.77,1.6,1.6,91.2,2.4,13.29,112.2795,47.72,2070.3357,
2016-10-01,241.741,241.729,249.142,98.868,98.961,264.459,197.788,237.714,291.378,126.521,142.217,264.459,197.357,238.145,453847.0,445071.0,358315.0,187741.0,12867.0,13014.9,1375.5,2701.5,8790.1,14235.4,5.3,4.9,145065.0,0.4,0.86,1.84,1.73,87.2,2.4,17.06,114.0188,46.83,2086.2929,2.37
2016-11-01,242.026,241.353,249.481,98.901,99.005,264.699,199.22,237.438,292.227,126.605,139.975,264.699,192.522,236.93,453892.0,458023.0,358672.0,187539.0,12893.0,13036.8,1357.7,2700.7,8834.7,14273.6,5.4,4.7,145183.0,0.41,1.11,2.37,1.94,93.8,2.4,13.33,117.7636,49.41,2089.4631,
2016-12-01,242.637,241.432,249.92,99.071,99.12,265.104,206.244,237.147,293.066,126.185,139.457,265.104,195.915,236.464,459305.0,526790.0,361410.0,189297.0,13005.9,13128.5,1392.1,2730.6,8883.2,14313.7,5.0,4.7,145408.0,0.54,1.2,2.45,1.95,98.2,2.2,14.04,118.3466,53.75,2083.6854,
2017-01-01,243.618,242.839,250.467,99.451,99.385,266.079,217.892,237.072,293.769,126.044,138.761,266.079,206.36,237.365,464412.0,415443.0,366585.0,190631.0,13063.7,13136.3,1384.9,2751.5,8927.3,14373.7,5.3,4.7,145628.0,0.65,1.19,2.45,2.05,98.5,2.6,11.99,116.2241,52.75,2082.226,2.4
2017-02-01,244.006,243.603,250.998,99.586,99.561,266.626,213.626,237.824,294.543,126.058,138.713,266.626,201.957,237.918,464284.0,411212.0,367057.0,190276.0,13088.4,13143.4,1390.3,2757.7,8940.4,14416.8,5.6,4.6,145846.0,0.66,1.22,2.36,2.02,96.3,2.7,12.92,116.0032,54.0,2082.6018,
2017-03-01,243.892,243.801,250.944,99.535,99.519,267.055,210.69,238.387,295.012,126.397,139.232,267.055,204.217,238.256,463674.0,474549.0,368272.0,190114.0,13139.9,13201.7,1380.1,2770.2,8989.7,14476.3,5.6,4.4,145970.0,0.79,1.27,2.4,1.97,96.9,2.5,12.37,114.7938,50.54,2064.8835,
2017-04-01,244.193,244.524,251.227,99.725,99.723,267.652,209.074,238.568,295.741,126.301,138.596,267.652,212.424,238.817,465276.0,457744.0,369323.0,190536.0,13169.2,13206.1,1390.8,2778.6,8999.7,14509.3,5.7,4.4,146175.0,0.9,1.28,2.29,1.92,97.0,2.5,10.82,114.7877,49.31,2067.4224,2.49
2017-05-01,244.004,244.733,251.43,99.682,99.803,268.128,197.848,238.893,296.461,125.651,138.601,268.128,209.441,238.964,462754.0,485658.0,366527.0,189650.0,13171.9,13214.5,1388.8,2755.8,9027.2,14610.7,6.3,4.4,146380.0,0.91,1.28,2.21,1.81,97.1,2.6,10.41,113.2956,48.29,2071.6618,
2017-06-01,244.163,244.955,251.746,99.766,99.937,268.225,195.797,238.494,297.215,125.508,137.691,268.225,205.881,238.3,465130.0,473145.0,367876.0,190500.0,13225.2,13256.7,1403.5,2771.4,9050.2,14618.7,6.0,4.3,146583.0,1.04,1.38,2.31,1.73,95.0,2.6,11.18,111.9896,46.02,2072.8115,
2017-07-01,244.243,244.786,251.985,99.803,100.01,268.649,191.889,238.904,297.676,125.368,136.872,268.649,201.173,238.953,465089.0,467247.0,367728.0,190421.0,13263.3,13290.1,1412.6,2763.0,9087.6,14660.2,6.0,4.3,146772.0,1.15,1.34,2.3,1.82,93.4,2.6,10.26,109.8177,50.21,2076.0702,2.54
2017-08-01,245.183,245.519,252.535,100.027,100.118,269.522,203.585,238.804,298.904,125.39,136.875,269.522,209.0,238.843,466020.0,481435.0,370481.0,190070.0,13294.6,13291.7,1403.5,2788.8,9102.4,14678.3,6.1,4.4,146919.0,1.16,1.33,2.12,1.76,96.8,2.6,10.59,109.3686,47.26,2084.0873,
2017-09-01,246.435,246.819,252.812,100.4,100.24,270.353,228.252,238.852,299.711,125.759,135.033,270.353,231.182,239.128,475724.0,461399.0,376369.0,193042.0,13417.3,13364.4,1437.3,2842.9,9137.1,14706.0,5.9,4.3,147008.0,1.15,1.47,2.33,1.84,95.1,2.7,9.51,110.0867,51.67,2102.931,
2017-10-01,246.626,246.663,253.526,100.531,100.486,270.658,218.99,239.02,300.814,125.961,137.803,270.658,218.591,239.543,476107.0,467634.0,376051.0,193048.0,13447.5,13377.0,1447.1,2825.8,9174.6,14748.6,6.0,4.2,147149.0,1.15,1.6,2.38,1.88,100.7,2.4,10.18,111.8052,54.36,2112.9901,2.48
2017-11-01,247.284,246.669,253.816,100.675,100.535,271.152,228.908,238.94,301.43,125.024,138.261,271.152,224.227,238.403,480949.0,487388.0,381716.0,194493.0,13540.6,13450.3,1467.0,2856.9,9216.7,14771.1,5.6,4.2,147372.0,1.16,1.78,2.42,1.86,98.5,2.5,11.28,110.4648,57.4,2106.2782,
2017-12-01,247.805,246.524,254.344,100.821,100.683,271.811,228.888,239.371,302.428,124.234,138.123,271.811,216.781,238.579,483586.0,544897.0,384511.0,195148.0,13666.1,13555.4,1485.0,2893.0,9288.0,14797.9,5.0,4.1,147523.0,1.3,1.89,2.4,1.96,95.9,2.7,11.04,110.0783,60.46,2105.4279,
2018-01-01,248.859,247.867,255.204,101.199,101.007,272.772,235.325,239.854,303.213,124.855,138.559,272.772,223.806,239.828,481414.0,437073.0,382986.0,193448.0,13703.3,13541.3,1478.2,2906.9,9318.2,14886.6,5.7,4.0,147660.0,1.41,2.14,2.72,2.11,95.7,2.7,13.54,106.7696,64.82,2109.6791,2.5
2018-02-01,249.529,248.991,255.711,101.416,101.198,273.435,239.767,239.187,303.784,125.839,138.643,273.435,227.42,239.19,484031.0,427541.0,385861.0,193978.0,13738.7,13547.3,1490.7,2906.9,9341.2,14921.1,5.8,4.1,148054.0,1.42,2.25,2.87,2.12,99.7,2.7,19.85,108.3903,61.43,2112.0828,
2018-03-01,249.577,249.554,256.271,101.524,101.419,273.733,231.325,239.149,304.812,126.489,138.212,273.733,226.872,239.158,484110.0,499305.0,385772.0,193972.0,13793.2,13586.5,1481.1,2900.0,9412.1,14974.8,5.9,4.0,148280.0,1.51,2.27,2.74,2.05,101.4,2.8,19.97,107.4784,64.87,2123.3118,
2018-04-01,250.227,250.546,256.63,101.766,101.602,274.393,238.803,239.541,305.72,127.326,137.876,274.393,240.962,240.129,484154.0,471784.0,385764.0,193486.0,13838.4,13598.7,1478.4,2909.1,9451.0,15007.2,6.0,4.0,148420.0,1.69,2.49,2.95,2.17,98.8,2.7,15.93,109.3363,68.56,2166.9722,2.5
2018-05-01,250.792,251.588,257.145,101.941,101.78,275.307,242.344,238.884,306.808,127.464,138.533,275.307,255.096,239.287,491960.0,518787.0,392669.0,196163.0,13905.0,13640.5,1498.8,2939.3,9466.9,15057.8,6.0,3.8,148742.0,1.7,2.4,2.83,2.07,98.0,2.8,15.43,111.9894,66.98,2173.5387,
2018-06-01,251.018,251.989,257.399,102.029,101.872,275.808,243.105,239.048,307.183,126.384,137.952,275.808,255.885,239.158,490228.0,498145.0,391387.0,195296.0,13930.4,13653.7,1487.2,2916.9,9526.3,15119.3,6.3,4.0,148960.0,1.82,2.52,2.85,2.11,98.2,3.0,16.09,113.2586,74.13,2190.9059,
2018-07-01,251.214,252.006,257.699,102.137,102.006,276.125,241.377,239.565,308.05,125.676,137.608,276.125,252.232,239.82,493142.0,496160.0,393827.0,196304.0,13974.8,13682.7,1492.6,2926.3,9555.9,15184.7,6.5,3.8,149020.0,1.91,2.67,2.96,2.12,97.9,2.9,12.83,112.7299,69.88,2204.0475,2.52
2018-08-01,251.663,252.146,257.891,102.208,102.016,276.648,246.229,239.795,309.004,123.451,138.093,276.648,251.367,240.015,493445.0,511157.0,394789.0,196074.0,14014.0,13711.5,1497.0,2929.1,9587.9,15238.6,6.6,3.8,149277.0,1.91,2.62,2.86,2.08,96.2,3.0,12.86,114.2755,69.84,2209.5234,
2018-09-01,252.182,252.439,258.368,102.418,102.205,277.258,250.369,239.967,309.522,125.143,136.92,277.258,252.216,240.125,491507.0,468559.0,393463.0,194902.0,14017.8,13687.1,1485.2,2937.1,9595.5,15237.5,6.8,3.7,149358.0,1.95,2.81,3.05,2.14,100.1,2.7,12.12,113.8077,73.16,2225.8983,
2018-10-01,252.772,252.885,258.917,102.595,102.366,277.513,253.471,239.558,310.401,126.021,138.247,277.513,253.793,239.882,496416.0,494468.0,397830.0,196389.0,14083.1,13727.1,1483.9,2958.0,9641.1,15274.1,6.7,3.8,149527.0,2.19,2.87,3.15,2.05,98.6,2.9,21.23,116.5281,65.31,2250.6354,2.54
2018-11-01,252.594,252.038,259.439,102.63,102.556,278.306,238.309,240.227,311.247,125.099,139.763,278.306,235.381,239.352,498854.0,508963.0,399145.0,197492.0,14162.9,13800.3,1519.6,2976.3,9667.1,15315.2,6.5,3.8,149617.0,2.2,2.8,3.01,1.97,97.5,2.8,18.07,116.413,50.78,2274.2195,
2018-12-01,252.767,251.233,260.063,102.701,102.735,279.419,225.063,241.137,312.132,124.356,140.18,279.419,212.152,239.989,489113.0,546135.0,388493.0,193504.0,14051.6,13682.3,1473.3,2898.7,9679.7,15506.5,8.4,3.9,149809.0,2.27,2.48,2.69,1.71,98.3,2.7,25.42,115.5674,45.15,2303.7249,
2019-01-01,252.561,251.712,260.766,102.648,102.87,280.38,208.73,241.581,312.998,124.466,142.214,280.38,201.194,241.381,490440.0,447787.0,392701.0,194187.0,14084.6,13721.7,1469.9,2929.4,9685.3,15536.3,8.4,4.0,150060.0,2.4,2.45,2.63,1.85,91.2,2.7,16.57,113.5504,53.84,2325.5638,2.54
2019-02-01,253.319,252.776,261.186,102.836,102.963,281.373,217.237,242.111,314.072,124.526,142.272,281.373,206.749,242.057,491751.0,433564.0,392781.0,194123.0,14117.4,13728.5,1472.8,2936.4,9708.2,15560.4,8.5,3.8,150067.0,2.4,2.52,2.73,1.95,93.8,2.6,14.78,114.1991,57.21,2332.1404,
2019-03-01,254.277,254.202,261.567,103.069,103.058,281.887,230.013,242.482,315.051,123.666,141.218,281.887,225.282,242.555,499292.0,503916.0,397587.0,196358.0,14248.6,13824.8,1505.1,2976.6,9766.9,15566.5,7.9,3.8,150295.0,2.41,2.27,2.41,1.88,98.4,2.5,13.71,115.1371,60.19,2337.6688,
2019-04-01,255.233,255.548,261.997,103.36,103.265,282.798,245.651,241.219,316.172,123.901,139.895,282.798,248.499,241.878,499343.0,496982.0,399785.0,195642.0,14290.0,13825.9,1496.6,3002.2,9791.2,15534.2,7.6,3.7,150591.0,2.42,2.27,2.51,1.95,97.2,2.5,13.12,115.3281,63.83,2329.2921,2.59
2019-05-01,255.296,256.092,262.217,103.435,103.371,283.394,242.557,241.642,317.03,123.764,138.573,283.394,254.551,242.145,504741.0,533526.0,403398.0,197708.0,14353.3,13877.1,1525.5,3011.3,9816.5,15532.4,7.3,3.6,150618.0,2.39,1.95,2.14,1.74,100.0,2.9,18.71,116.7273,53.49,2333.9824,
2019-06-01,255.213,256.143,262.739,103.484,103.56,284.316,231.691,241.214,317.949,124.75,138.241,284.316,242.043,241.407,505251.0,505132.0,403851.0,197972.0,14408.7,13924.1,1531.5,3016.9,9860.2,15562.1,7.1,3.6,150838.0,2.38,1.75,2.0,1.69,98.2,2.7,15.08,114.5821,58.2,2338.1213,
2019-07-01,255.802,256.571,263.28,103.622,103.678,284.891,235.098,240.988,318.777,124.731,138.132,284.891,244.0,241.359,509091.0,518600.0,407200.0,199018.0,14496.0,13989.9,1538.1,3036.2,9921.7,15581.4,6.8,3.7,150937.0,2.4,1.89,2.02,1.76,98.4,2.6,16.12,115.4946,58.53,2345.4616,2.6
2019-08-01,256.036,256.558,263.877,103.67,103.797,285.507,229.734,240.943,319.37,124.532,138.686,285.507,233.625,241.153,512561.0,531702.0,408296.0,200191.0,14558.2,14043.6,1541.0,3040.4,9976.8,15664.3,6.9,3.6,151169.0,2.13,1.5,1.5,1.55,89.8,2.7,18.98,118.1575,55.07,2363.8384,
2019-09-01,256.43,256.759,264.388,103.733,103.873,286.246,228.23,241.409,320.436,124.795,138.694,286.246,231.496,241.543,509282.0,483467.0,407535.0,198605.0,14590.6,14066.2,1553.5,3019.3,10017.8,15697.5,7.0,3.5,151365.0,2.04,1.63,1.68,1.53,93.2,2.8,16.24,117.9461,54.09,2370.4605,
2019-10-01,257.155,257.346,264.97,103.917,104.028,286.791,232.348,241.999,320.862,123.489,139.701,286.791,235.168,242.34,510648.0,512054.0,408777.0,198576.0,14617.4,14067.2,1531.8,3034.0,10051.6,15718.1,7.1,3.6,151460.0,1.83,1.52,1.69,1.54,95.5,2.5,13.22,115.9125,54.02,2370.5844,2.61
2019-11-01,257.879,257.208,265.548,104.024,104.092,287.255,236.924,242.726,321.611,123.55,139.579,287.255,232.575,241.726,514215.0,522133.0,409726.0,199402.0,14711.0,14142.8,1557.4,3046.0,10107.6,15766.9,6.9,3.6,151667.0,1.55,1.61,1.78,1.61,96.8,2.5,12.62,117.1204,58.12,2369.1925,
2019-12-01,258.63,256.974,266.02,104.307,104.322,288.078,244.197,242.887,322.247,122.859,140.088,288.078,228.857,241.75,515866.0,575813.0,413614.0,199461.0,14774.8,14165.7,1560.4,3061.4,10153.0,15683.8,6.2,3.6,151794.0,1.55,1.58,1.92,1.77,99.3,2.3,13.78,114.669,61.14,2357.6794,
2020-01-01,259.127,257.971,266.716,104.49,104.507,289.137,242.397,243.511,323.487,122.477,139.424,289.137,227.01,243.11,515119.0,472513.0,414267.0,198790.0,14868.3,14230.7,1551.3,3059.1,10257.9,15842.8,6.8,3.6,152031.0,1.55,1.33,1.51,1.65,99.8,2.5,18.84,115.7345,51.58,2354.1502,2.69
2020-02-01,259.25,258.678,267.37,104.573,104.711,289.781,230.646,244.2,324.483,122.952,140.593,289.781,218.373,244.054,515330.0,470728.0,413878.0,198777.0,14828.1,14181.4,1551.9,3054.1,10222.2,15900.3,7.5,3.5,152293.0,1.58,0.86,1.13,1.41,101.0,2.4,40.11,117.6568,44.83,2350.7326,
2020-03-01,258.076,258.115,267.054,104.271,104.632,290.216,204.901,245.017,324.54,121.558,141.667,290.216,202.205,245.163,468324.0,468028.0,393751.0,181467.0,13812.8,13249.1,1350.9,3128.7,9333.2,15702.3,12.4,4.4,150895.0,0.65,0.23,0.7,0.87,89.1,2.2,53.54,122.5301,20.51,2564.4862,
2020-04-01,256.032,256.389,265.746,103.838,104.293,290.639,164.836,251.063,324.391,117.065,138.89,290.639,168.891,251.717,401028.0,401556.0,336693.0,156632.0,12249.2,11798.6,1186.0,2730.6,8332.6,18015.3,31.8,14.8,130426.0,0.05,0.2,0.64,1.07,71.8,2.1,34.15,122.327,19.23,2920.7324,2.45
2020-05-01,255.802,256.394,265.412,103.942,104.402,291.709,160.261,253.23,324.973,114.244,137.922,291.709,168.528,253.827,478449.0,497250.0,381626.0,187039.0,13281.5,12780.5,1541.4,2960.2,8779.9,17110.0,22.6,13.2,133040.0,0.05,0.16,0.65,1.15,72.3,3.2,27.51,120.9458,35.57,3035.646,
2020-06-01,257.042,257.797,265.849,104.27,104.565,293.219,178.169,254.674,325.425,115.665,134.156,293.219,185.422,255.042,518038.0,523789.0,412904.0,201538.0,14049.2,13476.8,1674.1,3105.7,9269.4,17050.2,18.3,11.0,137671.0,0.08,0.16,0.66,1.34,78.1,3.0,30.43,120.4649,39.27,2923.9723,
2020-07-01,258.352,259.101,267.389,104.578,104.937,294.599,185.072,252.003,326.249,116.576,136.77,294.599,194.397,252.563,526304.0,539300.0,421417.0,203716.0,14307.2,13683.5,1737.0,3144.2,9426.1,17202.9,17.9,10.2,139255.0,0.09,0.11,0.55,1.55,72.5,3.0,24.46,117.2082,40.1,2856.0436,1.99
2020-08-01,259.316,259.918,268.422,104.87,105.243,295.437,188.325,252.148,326.782,116.907,144.102,295.437,194.449,252.352,530735.0,536156.0,425171.0,204667.0,14462.2,13793.0,1760.4,3135.1,9566.7,16542.0,13.9,8.4,140821.0,0.1,0.14,0.72,1.8,74.1,3.1,26.41,115.7586,42.61,2814.9539,
2020-09-01,259.997,260.28,268.933,105.057,105.41,297.08,193.069,251.166,327.043,117.157,152.968,297.08,195.888,251.369,541302.0,521651.0,431983.0,208195.0,14668.1,13964.6,1765.8,3191.8,9710.5,16633.7,13.3,7.8,141770.0,0.09,0.13,0.69,1.63,80.4,2.6,26.37,116.946,40.05,2760.0256,
2020-10-01,260.319,260.388,269.306,105.151,105.507,297.893,191.525,251.641,327.421,117.158,155.964,297.893,192.792,251.937,539114.0,543242.0,430433.0,207097.0,14725.8,14007.1,1773.4,3170.1,9782.3,16573.6,12.8,6.9,142460.0,0.09,0.14,0.88,1.7,81.8,2.6,38.02,116.1354,35.64,2698.642,2.1
2020-11-01,260.911,260.229,269.981,105.258,105.605,298.253,191.823,251.365,327.801,117.411,154.817,298.253,187.609,250.407,533941.0,533901.0,426447.0,204645.0,14701.6,13970.3,1764.6,3163.4,9773.7,16381.8,12.0,6.7,142733.0,0.09,0.16,0.84,1.77,76.9,2.8,20.57,113.2256,45.2,2637.993,
2020-12-01,262.045,260.474,270.341,105.699,105.896,299.369,208.753,252.536,328.217,117.967,154.216,299.369,193.99,251.253,538548.0,599648.0,429003.0,205517.0,14822.0,14026.7,1803.7,3200.2,9818.2,16397.7,11.8,6.7,142548.0,0.09,0.13,0.93,1.99,80.7,2.5,22.75,111.3169,48.35,2590.9175,
2021-01-01,262.687,261.582,270.387,106.147,106.281,300.382,223.567,252.541,328.535,119.065,153.361,300.382,207.406,252.107,559230.0,507633.0,446473.0,212888.0,15073.0,14204.7,1863.2,3284.1,9925.7,18194.0,19.5,6.4,142863.0,0.09,0.11,1.11,2.13,79.0,3.0,33.09,111.9511,52.16,2561.8847,1.88
2021-02-01,263.579,263.014,270.793,106.5,106.501,300.54,234.713,252.822,329.124,118.14,153.647,300.54,221.689,252.716,544891.0,480977.0,436001.0,206728.0,14983.5,14074.1,1804.0,3235.4,9944.1,16697.3,13.0,6.2,143380.0,0.08,0.14,1.44,2.15,76.8,3.3,27.95,112.8306,61.55,2586.8021,
2021-03-01,264.961,264.877,271.459,107.054,106.933,300.897,254.403,252.933,329.947,118.484,154.93,300.897,247.652,253.231,603581.0,616389.0,475805.0,227800.0,15709.7,14680.0,2066.4,3450.2,10193.1,20520.0,26.2,6.1,144232.0,0.07,0.16,1.74,2.37,84.9,3.1,19.4,113.8234,59.19,2586.9613,
2021-04-01,266.614,267.054,273.66,107.618,107.558,301.819,246.052,254.125,331.208,119.692,168.006,301.819,252.603,254.76,608961.0,612051.0,477995.0,228405.0,15917.5,14796.0,2107.7,3463.0,10346.9,17420.7,12.4,6.1,144587.0,0.07,0.16,1.65,2.41,88.3,3.4,18.61,112.0839,63.5,2555.9397,1.59
2021-05-01,268.383,269.195,275.465,108.175,108.099,303.481,249.382,255.043,332.111,120.794,178.929,303.481,263.17,255.516,605282.0,628079.0,477118.0,225529.0,15973.5,14771.4,2034.1,3466.0,10473.4,16922.4,10.0,5.8,145065.0,0.06,0.14,1.58,2.42,82.9,4.6,16.76,110.7576,66.31,2545.3037,
2021-06-01,270.654,271.696,277.651,108.76,108.603,305.634,256.305,257.058,333.835,121.339,194.846,305.634,268.979,257.412,611950.0,620424.0,486882.0,226100.0,16191.7,14892.6,2018.7,3543.9,10629.1,16838.1,8.8,5.9,145820.0,0.08,0.25,1.45,2.32,85.5,4.2,15.83,112.5533,73.52,2476.2883,
2021-07-01,271.903,273.003,278.648,109.256,109.058,308.023,260.515,258.491,335.446,121.319,193.734,308.023,275.656,259.022,601817.0,618951.0,481516.0,221335.0,16239.7,14869.0,1958.7,3502.6,10778.5,16949.3,9.5,5.4,146762.0,0.1,0.19,1.24,2.4,81.2,4.7,18.24,112.6714,73.93,2450.0483,1.53
2021-08-01,272.676,273.567,278.997,109.674,109.409,309.336,266.871,259.613,336.022,121.505,190.066,309.336,277.448,259.825,605533.0,614172.0,488486.0,222071.0,16412.9,14970.2,1968.0,3561.4,10883.4,16917.1,8.7,5.1,147314.0,0.09,0.2,1.3,2.33,70.3,4.6,16.48,113.1076,68.43,2428.1448,
2021-09-01,273.91,274.31,279.698,110.034,109.641,310.996,273.26,262.459,337.357,121.051,190.308,310.996,278.338,262.695,609671.0,589735.0,491553.0,222581.0,16489.6,14990.6,1962.9,3581.0,10945.7,16728.5,7.6,4.7,147771.0,0.08,0.28,1.52,2.37,72.8,4.6,23.14,114.6403,75.22,2416.7921,
2021-10-01,276.55,276.589,281.668,110.762,110.188,313.592,286.527,265.084,338.948,122.57,197.214,313.592,288.501,265.478,618573.0,616909.0,498558.0,223675.0,16704.2,15085.5,2036.7,3635.7,11031.9,16733.5,7.0,4.5,148572.0,0.08,0.48,1.55,2.51,71.7,4.8,16.26,114.1349,83.5,2421.4054,1.57
2021-11-01,278.919,277.948,283.406,111.5,110.77,315.481,305.127,267.473,340.544,123.61,203.485,315.481,296.571,266.384,624874.0,632541.0,502877.0,224034.0,16849.8,15115.9,2049.0,3684.7,11116.2,16686.4,6.6,4.1,149230.0,0.08,0.52,1.43,2.5,67.4,4.9,27.19,116.2071,66.14,2436.2572,
2021-12-01,280.845,278.802,285.18,112.191,111.418,317.372,313.591,268.985,341.931,124.753,211.728,317.372,290.185,267.555,619938.0,687531.0,501176.0,220740.0,16891.0,15059.2,2033.1,3683.1,11174.8,16610.8,6.6,3.9,149816.0,0.08,0.73,1.52,2.56,70.6,4.8,17.22,115.283,75.33,2474.0848,
2022-01-01,282.543,281.148,286.757,112.805,111.976,319.471,312.894,271.176,342.858,125.476,215.494,319.471,290.416,270.711,631509.0,571405.0,504428.0,223509.0,16993.8,15067.8,2099.8,3702.5,11191.5,16206.1,4.2,4.0,150006.0,0.08,1.18,1.79,2.44,67.2,4.9,24.83,115.566,89.16,2487.9189,1.69
2022-02-01,284.5,283.716,288.273,113.471,112.468,320.88,323.33,274.728,344.705,125.997,216.876,320.88,305.959,274.568,638101.0,564376.0,510871.0,224289.0,17106.0,15077.9,2066.9,3740.0,11299.1,16207.6,4.1,3.9,150825.0,0.08,1.44,1.83,2.62,62.8,4.9,30.15,115.2224,96.13,2499.3377,
2022-03-01,287.674,287.504,289.056,114.469,112.914,321.689,375.953,278.333,346.396,126.443,209.646,321.689,366.499,278.612,651027.0,663886.0,525362.0,226307.0,17347.2,15156.8,2084.5,3836.3,11426.5,16127.2,3.2,3.7,151315.0,0.2,2.28,2.32,2.84,59.4,5.4,20.56,115.2218,100.53,2538.8537,
2022-04-01,288.561,289.109,290.514,114.812,113.307,323.559,352.96,281.593,348.23,126.098,206.194,323.559,362.802,282.161,660194.0,663353.0,532203.0,228788.0,17490.0,15235.4,2118.0,3834.8,11537.2,16125.5,2.6,3.7,151623.0,0.33,2.7,2.89,2.88,65.2,5.4,33.4,119.4933,104.59,2564.3738,1.83
2022-05-01,291.298,292.296,292.063,115.525,113.703,325.952,371.34,285.522,350.204,126.693,207.673,325.952,391.262,285.953,659847.0,685755.0,536643.0,226520.0,17574.5,15214.1,2062.6,3892.8,11619.1,16103.0,2.6,3.6,151924.0,0.77,2.53,2.85,2.64,58.4,5.3,26.19,118.0704,114.38,2609.33,
2022-06-01,294.957,296.311,294.05,116.638,114.376,329.033,409.671,288.568,352.616,127.432,208.687,329.033,430.142,288.884,666113.0,676507.0,541528.0,225834.0,17755.2,15223.6,2068.5,3965.6,11721.1,16062.9,2.2,3.6,152358.0,1.21,2.92,2.98,2.33,50.0,5.3,28.71,120.9652,107.76,2665.5908,
2022-07-01,294.913,296.276,295.088,116.631,114.628,331.342,375.422,292.455,354.68,127.394,206.552,331.342,396.952,292.972,659550.0,668681.0,537880.0,223642.0,17770.1,15237.1,2072.3,3893.3,11804.4,16270.4,3.3,3.5,153072.0,1.68,2.89,2.67,2.53,51.5,5.2,21.33,121.7678,101.31,2697.8587,2.05
2022-08-01,295.097,296.171,296.535,116.956,115.276,334.212,335.333,294.884,357.048,127.422,204.837,334.212,348.593,295.007,663566.0,681118.0,538373.0,224864.0,17916.5,15319.8,2101.8,3884.8,11929.8,16367.3,3.2,3.6,153362.0,2.33,3.45,3.15,2.48,58.2,4.8,25.87,123.535,90.09,2723.4056,
2022-09-01,296.349,296.808,298.226,117.371,115.788,337.369,322.853,296.403,359.601,127.588,203.94,337.369,328.918,296.771,661854.0,643800.0,537491.0,223336.0,17992.8,15330.5,2092.0,3889.0,12011.9,16423.8,3.4,3.5,153582.0,2.56,4.22,3.83,2.15,58.6,4.7,31.62,127.5148,79.91,2747.9147,
2022-10-01,298.007,298.012,299.399,117.919,116.204,340.532,337.263,297.966,362.353,127.777,201.171,340.532,339.017,298.401,668671.0,665357.0,541862.0,224381.0,18109.6,15358.1,2108.2,3921.0,12080.4,16476.3,3.4,3.6,153939.0,3.08,4.51,4.1,2.52,59.9,5.0,25.88,127.6219,86.54,2773.0009,2.26
2022-11-01,298.786,297.711,300.325,118.224,116.539,342.266,336.273,299.449,364.695,128.338,196.659,342.266,326.649,298.284,659458.0,666992.0,536108.0,220712.0,18108.0,15317.1,2036.4,3907.8,12163.8,16502.7,3.8,3.6,154242.0,3.78,4.38,3.68,2.34,56.7,5.0,20.58,123.5175,80.48,2792.5376,
2022-12-01,298.832,296.797,301.394,118.384,116.952,343.559,309.091,300.576,367.466,128.475,193.008,343.559,285.757,299.089,651763.0,722313.0,532212.0,218103.0,18116.5,15303.6,2024.1,3860.9,12231.5,16578.2,4.2,3.5,154342.0,4.1,4.41,3.88,2.3,59.8,4.3,21.67,121.4256,80.16,2800.5079,
2023-01-01,300.42,299.17,302.642,119.018,117.505,345.677,317.38,301.676,369.911,129.43,190.423,345.677,294.759,301.435,680253.0,616100.0,547880.0,226434.0,18449.1,15501.5,2165.6,3928.7,12354.7,16906.9,4.9,3.5,154776.0,4.33,4.21,3.52,2.24,64.9,3.9,19.4,118.9802,78.95,2814.1478,2.47
2023-02-01,301.45,300.84,304.123,119.369,117.929,347.869,316.327,302.444,372.636,130.239,187.711,347.869,299.774,302.483,672152.0,595432.0,543895.0,222973.0,18491.6,15491.8,2138.5,3950.6,12402.5,16998.2,5.5,3.6,155066.0,4.57,4.81,3.92,2.43,66.9,4.2,20.7,121.3341,76.88,2807.35,
2023-03-01,301.821,301.836,305.147,119.538,118.315,349.944,309.776,301.467,374.678,130.426,186.619,349.944,302.673,301.918,665071.0,679701.0,538675.0,220353.0,18520.4,15494.0,2120.4,3901.3,12498.7,17098.8,6.0,3.5,155134.0,4.65,4.06,3.48,2.32,62.0,3.6,18.7,119.3602,75.68,2797.0376,
2023-04-01,302.845,303.363,306.534,119.951,118.734,351.237,309.412,301.811,376.404,130.573,192.647,351.237,318.482,302.328,670494.0,661990.0,542521.0,221398.0,18641.8,15541.8,2146.6,3940.5,12554.7,17135.3,5.8,3.4,155375.0,4.83,4.04,3.44,2.18,63.7,4.7,15.78,119.2248,76.78,2767.6207,2.75
2023-05-01,303.334,304.127,307.652,120.15,119.083,352.892,298.832,302.184,378.304,131.003,198.793,352.892,314.116,302.535,673902.0,708199.0,543792.0,222165.0,18664.6,15535.2,2139.1,3925.4,12600.1,17196.7,6.1,3.6,155655.0,5.06,4.4,3.64,2.18,59.0,4.2,17.94,120.9662,68.11,2764.3326,
2023-06-01,304.014,305.109,308.322,120.469,119.39,354.245,301.426,302.057,380.155,131.118,197.601,354.245,316.258,302.335,677117.0,688753.0,544674.0,222726.0,18773.0,15584.1,2136.7,3949.9,12686.3,17216.3,5.8,3.6,155880.0,5.08,4.87,3.81,2.22,64.2,3.3,13.59,119.3606,70.66,2752.8699,
2023-07-01,304.609,305.691,308.96,120.607,119.556,354.862,300.625,302.984,381.895,131.352,194.701,354.862,318.071,303.455,678424.0,683349.0,547943.0,222720.0,18884.2,15658.4,2151.1,3959.3,12773.7,17250.6,5.5,3.5,156043.0,5.12,4.88,3.97,2.37,71.5,3.4,13.63,117.8241,81.8,2752.8897,2.95
2023-08-01,306.082,307.026,309.58,120.97,119.689,356.083,323.701,303.631,382.947,131.16,191.078,356.083,336.979,303.716,684755.0,705135.0,553381.0,223716.0,18953.3,15668.6,2150.3,4009.0,12794.0,17275.3,5.6,3.7,156261.0,5.33,4.85,4.09,2.24,69.4,3.5,13.57,120.225,83.55,2757.5139,
2023-09-01,307.276,307.789,310.539,121.419,120.058,357.488,332.732,303.449,385.285,130.338,187.65,357.488,338.893,303.925,689403.0,669120.0,556575.0,224360.0,19048.1,15688.7,2145.7,4034.3,12868.1,17282.2,5.3,3.7,156417.0,5.33,5.03,4.59,2.35,67.8,3.2,17.52,122.3077,90.77,2761.2738,
2023-10-01,307.696,307.671,311.457,121.484,120.241,358.824,320.296,304.366,386.771,131.274,186.879,358.824,320.999,304.788,686148.0,685078.0,555690.0,222995.0,19109.4,15730.9,2134.1,4040.1,12935.2,17341.3,5.4,3.9,156576.0,5.33,5.07,4.88,2.42,63.8,4.2,18.14,123.8364,81.64,2774.0428,3.1
2023-11-01,308.148,307.051,312.392,121.493,120.374,360.383,306.714,304.332,388.525,130.099,189.444,360.383,297.598,303.224,685328.0,694957.0,555244.0,222402.0,19178.9,15786.9,2125.0,4025.2,13028.8,17427.1,5.6,3.7,156703.0,5.33,4.73,4.37,2.23,61.3,4.5,12.92,120.2434,75.66,2767.8002,
2023-12-01,308.741,306.746,313.195,121.66,120.592,361.564,303.319,304.505,390.139,129.942,190.57,361.564,280.289,303.005,686277.0,751657.0,556052.0,222282.0,19283.5,15851.3,2139.4,4031.2,13113.0,17481.7,5.6,3.8,156857.0,5.33,4.23,3.88,2.16,69.7,3.1,12.45,118.4208,71.89,2764.9288,
2024-01-01,309.698,308.417,314.319,122.23,121.217,363.249,297.154,305.187,392.322,129.685,183.189,363.249,276.003,305.037,680456.0,622927.0,551100.0,219716.0,19303.3,15793.7,2106.0,3989.1,13208.2,17575.4,6.4,3.7,157032.0,5.33,4.27,3.99,2.26,79.0,2.9,14.35,120.4331,76.28,2762.6228,3.17
2024-02-01,310.967,310.326,315.564,122.598,121.537,363.596,303.183,305.432,394.078,130.309,185.254,363.596,287.943,305.469,685280.0,631639.0,553809.0,220371.0,19446.5,15863.1,2130.9,3997.9,13317.6,17596.2,6.1,3.9,157238.0,5.33,4.64,4.25,2.33,76.9,3.0,13.4,121.1824,79.22,2767.0617,
2024-03-01,312.345,312.332,316.792,123.038,122.009,364.546,313.054,305.01,395.827,130.956,184.6,364.546,306.513,305.426,687641.0,693859.0,557426.0,220154.0,19581.8,15916.3,2142.1,4043.0,13396.7,17617.0,5.9,3.9,157466.0,5.33,4.59,4.2,2.32,79.4,2.9,13.01,121.0191,83.96,2749.6389,
2024-04-01,313.023,313.548,317.649,123.341,122.304,365.813,312.728,305.354,397.196,132.237,181.983,365.813,322.434,305.707,687602.0,686711.0,558388.0,219665.0,19665.7,15945.2,2140.6,4059.5,13465.6,17638.6,5.8,3.9,157530.0,5.33,5.04,4.69,2.41,77.2,3.2,15.65,122.9853,83.49,2743.3657,3.22
2024-05-01,313.175,314.069,318.095,123.348,122.383,367.099,305.909,305.414,398.689,132.027,180.577,367.099,320.981,305.679,692774.0,730332.0,560134.0,221210.0,19758.0,16019.2,2158.8,4077.5,13521.7,17713.3,5.8,3.9,157608.0,5.33,4.89,4.51,2.35,69.1,3.3,12.92,122.098,77.97,2754.7942,
2024-06-01,313.044,314.175,318.39,123.539,122.677,368.616,294.143,305.582,399.699,131.956,177.965,368.616,308.475,305.752,692449.0,688151.0,563966.0,221199.0,19844.5,16064.4,2156.2,4080.5,13607.9,17751.1,5.7,4.1,157695.0,5.33,4.71,4.36,2.28,68.2,3.0,12.44,124.2103,82.83,2761.7317,
2024-07-01,313.569,314.54,318.94,123.736,122.911,369.383,294.025,306.285,401.139,131.569,175.308,369.383,310.915,306.643,698835.0,713406.0,566007.0,222865.0,19949.5,16123.8,2181.2,4103.8,13664.6,17743.2,5.3,4.2,157748.0,5.33,4.29,4.09,2.24,66.4,2.9,16.36,123.6373,79.36,2756.7035,3.2
2024-08-01,314.062,314.796,319.75,123.889,123.128,370.348,290.263,306.399,402.895,131.415,174.703,370.348,302.419,306.402,697039.0,720251.0,564844.0,221943.0,20001.3,16145.7,2170.9,4088.6,13741.8,17752.9,5.2,4.2,157757.0,5.33,3.91,3.91,2.15,67.9,2.8,15.0,122.3262,74.52,2765.3486,
2024-09-01,314.732,315.301,320.732,124.164,123.466,371.604,282.057,307.258,403.956,132.539,175.834,371.604,287.102,307.767,703055.0,670818.0,570796.0,223382.0,20147.6,16227.8,2199.7,4130.5,13817.4,17769.9,4.8,4.1,157912.0,5.13,3.66,3.81,2.18,70.1,2.7,16.73,121.2864,68.75,2778.8287,
2024-10-01,315.631,315.664,321.731,124.494,123.832,372.486,281.588,307.867,405.721,131.741,177.734,372.486,281.741,308.2,708290.0,718256.0,572687.0,224404.0,20226.0,16247.7,2210.1,4124.6,13891.4,17810.5,5.0,4.1,157945.0,4.83,4.16,4.28,2.33,70.5,2.7,23.16,124.7988,69.58,2788.8245,3.08
2024-11-01,316.528,315.493,322.657,124.637,123.962,373.53,281.939,309.093,407.114,131.692,179.904,373.53,273.57,307.972,711853.0,722947.0,572288.0,224894.0,20313.6,16299.5,2246.5,4124.3,13942.9,17851.4,4.9,4.2,158079.0,4.64,4.13,4.18,2.26,71.8,2.6,13.51,126.5798,68.26,2794.746,
2024-12-01,317.604,315.605,323.259,124.979,124.196,374.644,293.155,309.767,408.165,131.568,181.705,374.644,270.667,308.38,717265.0,786673.0,577232.0,225836.0,20514.3,16415.5,2294.1,4182.1,14038.0,17867.9,4.3,4.1,158316.0,4.48,4.25,4.58,2.34,74.0,2.8,17.35,129.2775,72.44,2771.9429,
2025-01-01,318.961,317.671,324.638,125.417,124.587,375.532,296.78,310.817,409.579,130.436,184.891,375.532,275.527,310.936,711260.0,654511.0,574070.0,222993.0,20462.2,16316.5,2198.0,4185.1,14079.1,17889.8,5.1,4.0,158268.0,4.33,4.22,4.58,2.42,71.7,3.3,16.43,128.4828,72.84,2669.2556,3.05
2025-02-01,319.679,319.082,325.465,125.921,125.145,376.991,293.232,310.955,410.793,131.095,186.557,376.991,279.059,311.284,711575.0,630744.0,577763.0,222590.0,20519.8,16297.0,2209.2,4209.2,14101.4,17910.5,5.2,4.2,158310.0,4.33,3.99,4.24,2.38,64.7,4.3,19.63,128.2805,69.97,2672.4448,
2025-03-01,319.785,319.799,325.69,125.941,125.267,378.363,282.129,312.154,411.639,131.388,185.728,378.363,276.558,312.815,723339.0,726888.0,581017.0,226195.0,20683.0,16423.9,2300.2,4195.2,14187.5,18029.1,5.1,4.2,158377.0,4.33,3.89,4.23,2.38,57.0,5.0,22.28,126.7075,71.87,2672.4789,
2025-04-01,320.302,320.795,326.467,126.15,125.502,380.039,275.454,311.44,413.04,131.201,184.8,380.039,284.526,311.84,722442.0,722319.0,581242.0,225550.0,20746.4,16446.9,2296.6,4191.1,14258.6,18132.9,5.5,4.2,158485.0,4.33,3.6,4.17,2.23,52.2,6.5,24.7,122.5921,59.55,2660.0334,3.04
2025-05-01,320.62,321.465,326.893,126.38,125.79,381.228,269.584,312.296,414.109,130.782,183.664,381.228,282.614,312.491,714513.0,753313.0,580042.0,222854.0,20755.0,16423.9,2247.0,4190.3,14317.8,17980.9,4.9,4.3,158498.0,4.33,3.89,4.41,2.34,52.2,6.6,18.57,121.7674,61.46,2673.2668,
2025-06-01,321.435,322.561,327.658,126.743,126.121,382.75,269.865,312.982,414.981,131.214,182.833,382.75,282.914,313.028,719484.0,716698.0,583995.0,223835.0,20868.4,16466.3,2253.6,4234.8,14380.0,17962.1,4.6,4.1,158478.0,4.33,3.72,4.24,2.29,60.7,5.0,16.73,119.4088,66.3,2680.0988,
2025-07-01,322.169,323.048,328.682,126.96,126.43,383.808,266.542,313.035,415.931,131.354,183.746,383.808,281.49,313.263,727837.0,745651.0,588964.0,225918.0,21007.3,16547.5,2280.3,4241.3,14485.7,18040.9,4.5,4.3,158542.0,4.33,3.94,4.37,2.39,61.7,4.5,16.72,121.721,70.36,2668.2244,2.99
2025-08-01,323.291,323.976,329.7,127.293,126.714,384.909,270.922,314.647,417.555,131.694,185.259,384.909,282.358,314.608,730037.0,745232.0,590616.0,225814.0,21123.8,16595.8,2281.8,4273.8,14568.2,18076.9,4.4,4.3,158472.0,4.33,3.59,4.23,2.41,58.2,4.8,15.36,120.2082,64.36,2682.1466,
2025-09-01,324.245,324.8,330.418,127.625,126.954,385.451,280.658,315.54,418.422,132.411,184.869,385.451,285.595,316.042,732192.0,708379.0,592652.0,225814.0,21202.4,16614.3,2269.8,4289.9,14642.7,18094.6,4.3,4.4,158548.0,4.22,3.6,4.16,2.36,55.1,4.7,16.28,120.1368,63.17,2693.1486,
2025-10-01,,,,127.871,127.243,,276.991,,,,186.111,,277.021,,731051.0,743117.0,593611.0,,21288.1,16649.3,2271.4,4289.7,14727.0,18037.3,3.9,,158408.0,4.09,3.6,4.11,2.3,53.6,4.6,17.44,121.3859,61.75,2694.8745,2.95
2025-11-01,325.063,324.122,331.043,128.152,127.469,387.202,284.56,315.0,419.431,131.883,186.298,387.202,276.152,313.954,734718.0,736533.0,596008.0,226023.0,21356.0,16665.7,2289.0,4304.0,14763.0,18035.1,3.8,4.5,158449.0,3.88,3.47,4.02,2.23,51.0,4.5,16.35,121.0527,58.58,2703.5864,
2025-12-01,326.031,324.054,331.814,128.576,127.886,389.889,283.599,316.982,421.039,132.317,184.668,389.889,261.466,315.664,734717.0,816411.0,596072.0,225352.0,21445.9,16680.7,2288.1,4307.2,14850.7,18018.5,3.6,4.4,158432.0,3.72,3.47,4.18,2.25,52.9,4.2,14.95,119.7456,57.26,2711.3055,
2026-01-01,326.588,325.252,332.793,129.023,128.455,390.471,274.547,317.589,421.965,132.723,181.269,390.471,254.887,317.431,734503.0,674374.0,596884.0,224902.0,21478.7,16648.5,2262.1,4297.6,14919.0,18134.6,4.4,4.3,158592.0,3.64,3.52,4.26,2.36,56.4,4.0,17.44,117.8996,64.5,2738.3805,2.91
2026-02-01,327.46,326.785,333.512,129.539,128.961,391.706,276.754,318.985,422.942,134.419,180.589,391.706,263.378,318.898,741278.0,656082.0,602258.0,226372.0,21611.4,16684.6,2332.1,4330.3,14949.0,18051.9,3.8,4.4,158436.0,3.64,3.38,3.97,2.25,56.6,3.4,19.86,117.8223,66.96,2785.5768,
2026-03-01,330.293,330.213,334.165,130.403,129.343,392.652,335.5,318.462,424.069,135.804,179.83,392.652,328.874,318.755,754013.0,761135.0,614158.0,228286.0,21814.7,16730.1,2373.7,4441.4,14999.6,18030.5,3.5,4.3,158650.0,3.64,3.79,4.3,2.3,53.3,3.8,25.25,121.035,102.86,2823.5113,
2026-04-01,332.407,333.02,335.423,130.946,129.681,393.546,353.74,320.633,426.642,136.67,179.822,393.546,365.392,320.859,759097.0,755742.0,619754.0,228364.0,21949.5,16763.5,2360.6,4493.1,15095.8,17957.1,2.9,4.3,158798.0,3.64,3.88,4.4,2.46,49.8,4.7,16.89,118.671,108.64,2859.6744,2.85
2026-05-01,333.979,335.123,336.121,131.576,130.147,394.728,378.66,320.836,427.998,137.069,180.005,394.728,396.961,321.047,766192.0,796140.0,625517.0,229413.0,22136.8,16825.5,2386.0,4515.7,15235.1,18000.1,2.8,4.3,158861.0,3.63,3.98,4.45,2.38,44.8,4.8,15.32,118.8783,91.16,2888.4482,
2026-06-01,332.568,333.952,336.065,131.454,130.338,395.633,341.98,321.446,428.501,136.313,179.591,395.633,358.518,321.631,768587.0,776516.0,624447.0,231107.0,22214.2,16900.0,2404.7,4494.6,15314.9,18054.9,2.6,4.2,158892.0,3.63,4.14,4.44,2.24,49.5,4.6,16.45,120.9248,70.56,2905.3355,
2026-07-01,332.813,333.918,336.789,131.659,130.658,396.859,332.215,321.216,429.095,136.434,180.306,396.859,350.846,321.643,764462.0,784603.0,622897.0,229697.0,22250.4,16901.3,2380.1,4469.3,15401.0,18122.5,3.0,4.1,158913.0,3.63,4.28,4.75,2.28,55.2,4.2,15.99,119.7034,86.16,2899.5109,
2026-08-01,334.131,334.98,337.765,,,397.868,345.169,321.335,430.227,136.457,180.965,397.868,359.738,321.5,773947.0,784846.0,631568.0,231630.0,,,,,,,,4.1,159075.0,3.63,4.34,4.75,2.31,,,14.92,118.5679,87.03,2945.0792,
2026-09-01,,,,,,,,,,,,,,,,,,,,,,,,,,,,,4.67,4.94,2.33,,,15.44,118.2126,107.02,,
